rsi_entry,rsi_exit,base_allocation,add_allocation,max_total_allocation,take_profit_pct,stop_loss_pct,trail_atr_mult,mode,Return [%],Max. Drawdown [%],Win Rate [%],Sharpe Ratio,Profit Factor,# Trades,_score
30,60,0.04,0.03,0.18,2.8,-3.2,1.6,split,0.6219296281032257,-1.1930450754125688,40.0,0.4279830787211065,1.18623198336897,40,1.0470623760537299
30,60,0.04,0.03,0.18,2.8,-4.2,1.6,split,0.6219296281032257,-1.1930450754125688,40.0,0.4279830787211065,1.18623198336897,40,1.0470623760537299
30,60,0.04,0.02,0.18,2.8,-4.2,1.6,split,0.6219296281032257,-1.1930450754125688,40.0,0.4279830787211065,1.18623198336897,40,1.0470623760537299
30,60,0.04,0.02,0.18,2.8,-3.2,1.6,split,0.6219296281032257,-1.1930450754125688,40.0,0.4279830787211065,1.18623198336897,40,1.0470623760537299
30,60,0.06,0.03,0.24,2.8,-4.2,1.6,split,0.9261372099449908,-1.7854811159008666,40.0,0.4235743843154899,1.18623198336897,40,0.7836331114191868
30,60,0.06,0.03,0.24,2.8,-3.2,1.6,split,0.9261372099449908,-1.7854811159008666,40.0,0.4235743843154899,1.18623198336897,40,0.7836331114191868
30,60,0.06,0.03,0.18,2.8,-3.2,1.6,split,0.9261372099449908,-1.7854811159008666,40.0,0.4235743843154899,1.18623198336897,40,0.7836331114191868
30,60,0.06,0.03,0.18,2.8,-4.2,1.6,split,0.9261372099449908,-1.7854811159008666,40.0,0.4235743843154899,1.18623198336897,40,0.7836331114191868
30,60,0.06,0.02,0.18,2.8,-4.2,1.6,split,0.9261372099449908,-1.7854811159008666,40.0,0.4235743843154899,1.18623198336897,40,0.7836331114191868
30,60,0.06,0.02,0.18,2.8,-3.2,1.6,split,0.9261372099449908,-1.7854811159008666,40.0,0.4235743843154899,1.18623198336897,40,0.7836331114191868
30,60,0.06,0.02,0.24,2.8,-4.2,1.6,split,0.9261372099449908,-1.7854811159008666,40.0,0.4235743843154899,1.18623198336897,40,0.7836331114191868
30,60,0.06,0.02,0.24,2.8,-3.2,1.6,split,0.9261372099449908,-1.7854811159008666,40.0,0.4235743843154899,1.18623198336897,40,0.7836331114191868
30,60,0.04,0.02,0.24,2.8,-3.2,1.6,split,0.7130564922748818,-1.102613305842548,34.78260869565217,0.5021537433121271,1.1406835010151835,46,0.6588329617991606
30,60,0.04,0.02,0.24,2.8,-4.2,1.6,split,0.7130564922748818,-1.102613305842548,34.78260869565217,0.5021537433121271,1.1406835010151835,46,0.6588329617991606
30,60,0.04,0.03,0.18,2.2,-4.2,1.6,split,0.49764792804218816,-1.1930450025736783,40.0,0.35337763354244556,1.1495690046823586,40,0.41812519351862787
30,60,0.04,0.03,0.18,2.2,-3.2,1.6,split,0.49764792804218816,-1.1930450025736783,40.0,0.35337763354244556,1.1495690046823586,40,0.41812519351862787
30,60,0.04,0.02,0.18,2.2,-3.2,1.6,split,0.49764792804218816,-1.1930450025736783,40.0,0.35337763354244556,1.1495690046823586,40,0.41812519351862787
30,60,0.04,0.02,0.18,2.2,-4.2,1.6,split,0.49764792804218816,-1.1930450025736783,40.0,0.35337763354244556,1.1495690046823586,40,0.41812519351862787
30,60,0.04,0.02,0.18,2.8,-3.2,1.2,split,0.49631557050595804,-1.1746128027126823,39.02439024390244,0.34307974514011746,1.1575000710356418,41,0.4030492705812827
30,60,0.04,0.02,0.18,2.8,-4.2,1.2,split,0.49631557050595804,-1.1746128027126823,39.02439024390244,0.34307974514011746,1.1575000710356418,41,0.4030492705812827
30,60,0.04,0.03,0.18,2.8,-4.2,1.2,split,0.49631557050595804,-1.1746128027126823,39.02439024390244,0.34307974514011746,1.1575000710356418,41,0.4030492705812827
30,60,0.04,0.03,0.18,2.8,-3.2,1.2,split,0.49631557050595804,-1.1746128027126823,39.02439024390244,0.34307974514011746,1.1575000710356418,41,0.4030492705812827
30,60,0.04,0.03,0.24,2.8,-3.2,1.6,split,0.6062938544357166,-1.1652189165689442,34.78260869565217,0.42101873416012725,1.1406835010151835,46,0.26129225386473776
30,60,0.04,0.03,0.24,2.8,-4.2,1.6,split,0.6062938544357166,-1.1652189165689442,34.78260869565217,0.42101873416012725,1.1406835010151835,46,0.26129225386473776
30,60,0.04,0.02,0.24,2.8,-3.2,1.2,split,0.5921118316958928,-1.0397364958878996,34.78260869565217,0.4190681240337912,1.1179870154080263,46,0.20512501946232575
30,60,0.04,0.02,0.24,2.8,-4.2,1.2,split,0.5921118316958928,-1.0397364958878996,34.78260869565217,0.4190681240337912,1.1179870154080263,46,0.20512501946232575
30,60,0.06,0.02,0.24,2.2,-3.2,1.6,split,0.7396625148783641,-1.7854814349054116,40.0,0.3492903376749427,1.1495690046823583,40,0.06204876323980457
30,60,0.06,0.02,0.24,2.2,-4.2,1.6,split,0.7396625148783641,-1.7854814349054116,40.0,0.3492903376749427,1.1495690046823583,40,0.06204876323980457
30,60,0.06,0.03,0.24,2.2,-4.2,1.6,split,0.7396625148783641,-1.7854814349054116,40.0,0.3492903376749427,1.1495690046823583,40,0.06204876323980457
30,60,0.06,0.03,0.24,2.2,-3.2,1.6,split,0.7396625148783641,-1.7854814349054116,40.0,0.3492903376749427,1.1495690046823583,40,0.06204876323980457
30,60,0.06,0.02,0.18,2.2,-4.2,1.6,split,0.7396625148783641,-1.7854814349054116,40.0,0.3492903376749427,1.1495690046823583,40,0.06204876323980457
30,60,0.06,0.02,0.18,2.2,-3.2,1.6,split,0.7396625148783641,-1.7854814349054116,40.0,0.3492903376749427,1.1495690046823583,40,0.06204876323980457
30,60,0.06,0.03,0.18,2.2,-3.2,1.6,split,0.7396625148783641,-1.7854814349054116,40.0,0.3492903376749427,1.1495690046823583,40,0.06204876323980457
30,60,0.06,0.03,0.18,2.2,-4.2,1.6,split,0.7396625148783641,-1.7854814349054116,40.0,0.3492903376749427,1.1495690046823583,40,0.06204876323980457
30,60,0.06,0.03,0.24,2.8,-4.2,1.2,split,0.7378455531548389,-1.7577160509477663,39.02439024390244,0.3391945779735023,1.1575000710356416,41,0.05785001233927112
30,60,0.06,0.03,0.24,2.8,-3.2,1.2,split,0.7378455531548389,-1.7577160509477663,39.02439024390244,0.3391945779735023,1.1575000710356416,41,0.05785001233927112
30,60,0.06,0.02,0.24,2.8,-3.2,1.2,split,0.7378455531548389,-1.7577160509477663,39.02439024390244,0.3391945779735023,1.1575000710356416,41,0.05785001233927112
30,60,0.06,0.02,0.24,2.8,-4.2,1.2,split,0.7378455531548389,-1.7577160509477663,39.02439024390244,0.3391945779735023,1.1575000710356416,41,0.05785001233927112
30,60,0.06,0.03,0.18,2.8,-3.2,1.2,split,0.7378455531548389,-1.7577160509477663,39.02439024390244,0.3391945779735023,1.1575000710356416,41,0.05785001233927112
30,60,0.06,0.03,0.18,2.8,-4.2,1.2,split,0.7378455531548389,-1.7577160509477663,39.02439024390244,0.3391945779735023,1.1575000710356416,41,0.05785001233927112
30,60,0.06,0.02,0.18,2.8,-4.2,1.2,split,0.7378455531548389,-1.7577160509477663,39.02439024390244,0.3391945779735023,1.1575000710356416,41,0.05785001233927112
30,60,0.06,0.02,0.18,2.8,-3.2,1.2,split,0.7378455531548389,-1.7577160509477663,39.02439024390244,0.3391945779735023,1.1575000710356416,41,0.05785001233927112
30,60,0.04,0.02,0.24,2.2,-3.2,1.6,split,0.5886626242975399,-1.1026130385136224,34.78260869565217,0.4284182546402069,1.1063413602255077,46,0.05003437696661184
30,60,0.04,0.02,0.24,2.2,-4.2,1.6,split,0.5886626242975399,-1.1026130385136224,34.78260869565217,0.4284182546402069,1.1063413602255077,46,0.05003437696661184
30,60,0.04,0.03,0.24,2.8,-3.2,1.2,split,0.4931454816336554,-1.1278279003736902,34.78260869565217,0.3441858335833501,1.1179870154080263,46,-0.19879877191486095
30,60,0.04,0.03,0.24,2.8,-4.2,1.2,split,0.4931454816336554,-1.1278279003736902,34.78260869565217,0.3441858335833501,1.1179870154080263,46,-0.19879877191486095
30,60,0.04,0.03,0.18,2.2,-4.2,1.2,split,0.37218855113611427,-1.1746127387014305,39.02439024390244,0.2655395781129943,1.1187730395160038,41,-0.24803776787133125
30,60,0.04,0.03,0.18,2.2,-3.2,1.2,split,0.37218855113611427,-1.1746127387014305,39.02439024390244,0.2655395781129943,1.1187730395160038,41,-0.24803776787133125
30,60,0.04,0.02,0.18,2.2,-4.2,1.2,split,0.37218855113611427,-1.1746127387014305,39.02439024390244,0.2655395781129943,1.1187730395160038,41,-0.24803776787133125
30,60,0.04,0.02,0.18,2.2,-3.2,1.2,split,0.37218855113611427,-1.1746127387014305,39.02439024390244,0.2655395781129943,1.1187730395160038,41,-0.24803776787133125
30,60,0.04,0.03,0.24,2.2,-3.2,1.6,split,0.48203167647050577,-1.1652187328089703,34.78260869565217,0.3455963103257506,1.1063413602255077,46,-0.35068276655726915
30,60,0.04,0.03,0.24,2.2,-4.2,1.6,split,0.48203167647050577,-1.1652187328089703,34.78260869565217,0.3455963103257506,1.1063413602255077,46,-0.35068276655726915
30,60,0.04,0.02,0.24,2.2,-4.2,1.2,split,0.46786666641657576,-1.0397365170688566,34.78260869565217,0.34230209854300825,1.0816284378413894,46,-0.4256434253884587
30,60,0.04,0.02,0.24,2.2,-3.2,1.2,split,0.46786666641657576,-1.0397365170688566,34.78260869565217,0.34230209854300825,1.0816284378413894,46,-0.4256434253884587
30,60,0.06,0.03,0.24,2.2,-3.2,1.2,split,0.551719167921674,-1.757716261343223,39.02439024390244,0.26193782762431334,1.1187730395160038,41,-0.6856695708405043
30,60,0.06,0.03,0.24,2.2,-4.2,1.2,split,0.551719167921674,-1.757716261343223,39.02439024390244,0.26193782762431334,1.1187730395160038,41,-0.6856695708405043
30,60,0.06,0.03,0.18,2.2,-3.2,1.2,split,0.551719167921674,-1.757716261343223,39.02439024390244,0.26193782762431334,1.1187730395160038,41,-0.6856695708405043
30,60,0.06,0.03,0.18,2.2,-4.2,1.2,split,0.551719167921674,-1.757716261343223,39.02439024390244,0.26193782762431334,1.1187730395160038,41,-0.6856695708405043
30,60,0.06,0.02,0.24,2.2,-3.2,1.2,split,0.551719167921674,-1.757716261343223,39.02439024390244,0.26193782762431334,1.1187730395160038,41,-0.6856695708405043
30,60,0.06,0.02,0.24,2.2,-4.2,1.2,split,0.551719167921674,-1.757716261343223,39.02439024390244,0.26193782762431334,1.1187730395160038,41,-0.6856695708405043
30,60,0.06,0.02,0.18,2.2,-4.2,1.2,split,0.551719167921674,-1.757716261343223,39.02439024390244,0.26193782762431334,1.1187730395160038,41,-0.6856695708405043
30,60,0.06,0.02,0.18,2.2,-3.2,1.2,split,0.551719167921674,-1.757716261343223,39.02439024390244,0.26193782762431334,1.1187730395160038,41,-0.6856695708405043
30,60,0.04,0.03,0.24,2.2,-3.2,1.2,split,0.36902257796624327,-1.127827829158734,34.78260869565217,0.2659891154793496,1.0816284378413894,46,-0.8322450986991277
30,60,0.04,0.03,0.24,2.2,-4.2,1.2,split,0.36902257796624327,-1.127827829158734,34.78260869565217,0.2659891154793496,1.0816284378413894,46,-0.8322450986991277
30,52,0.04,0.03,0.18,2.2,-3.2,1.6,split,0.09791750015467188,-1.714785551457776,43.90243902439025,0.07428470864913676,1.0313729730899222,41,-1.9991180875484527
30,52,0.04,0.03,0.18,2.2,-4.2,1.6,split,0.09791750015467188,-1.714785551457776,43.90243902439025,0.07428470864913676,1.0313729730899222,41,-1.9991180875484527
30,52,0.04,0.03,0.18,2.8,-3.2,1.6,split,0.09791750015467188,-1.714785551457776,43.90243902439025,0.07428470864913676,1.0313729730899222,41,-1.9991180875484527
30,52,0.04,0.03,0.18,2.8,-4.2,1.6,split,0.09791750015467188,-1.714785551457776,43.90243902439025,0.07428470864913676,1.0313729730899222,41,-1.9991180875484527
30,52,0.04,0.02,0.18,2.8,-4.2,1.6,split,0.09791750015467188,-1.714785551457776,43.90243902439025,0.07428470864913676,1.0313729730899222,41,-1.9991180875484527
30,52,0.04,0.02,0.18,2.8,-3.2,1.6,split,0.09791750015467188,-1.714785551457776,43.90243902439025,0.07428470864913676,1.0313729730899222,41,-1.9991180875484527
30,52,0.04,0.02,0.18,2.2,-4.2,1.6,split,0.09791750015467188,-1.714785551457776,43.90243902439025,0.07428470864913676,1.0313729730899222,41,-1.9991180875484527
30,52,0.04,0.02,0.18,2.2,-3.2,1.6,split,0.09791750015467188,-1.714785551457776,43.90243902439025,0.07428470864913676,1.0313729730899222,41,-1.9991180875484527
30,56,0.04,0.03,0.18,2.8,-4.2,1.6,split,0.10970395543236008,-1.5241833271043004,39.02439024390244,0.07924650515450782,1.0334721445553436,41,-2.1162426731126605
30,56,0.04,0.03,0.18,2.8,-3.2,1.6,split,0.10970395543236008,-1.5241833271043004,39.02439024390244,0.07924650515450782,1.0334721445553436,41,-2.1162426731126605
30,56,0.04,0.02,0.18,2.8,-3.2,1.6,split,0.10970395543236008,-1.5241833271043004,39.02439024390244,0.07924650515450782,1.0334721445553436,41,-2.1162426731126605
30,56,0.04,0.02,0.18,2.8,-4.2,1.6,split,0.10970395543236008,-1.5241833271043004,39.02439024390244,0.07924650515450782,1.0334721445553436,41,-2.1162426731126605
30,56,0.04,0.02,0.24,2.8,-3.2,1.6,split,0.20036730155587068,-1.4792073747235457,34.04255319148936,0.14844044158743017,0.9993781057721144,47,-2.4591879126635243
30,56,0.04,0.02,0.24,2.8,-4.2,1.6,split,0.20036730155587068,-1.4792073747235457,34.04255319148936,0.14844044158743017,0.9993781057721144,47,-2.4591879126635243
30,56,0.04,0.03,0.18,2.8,-3.2,1.2,split,-0.015271190329767707,-1.3745796648252484,38.095238095238095,-0.011085400884712392,0.9982207570691606,42,-2.6611880808820425
30,56,0.04,0.03,0.18,2.8,-4.2,1.2,split,-0.015271190329767707,-1.3745796648252484,38.095238095238095,-0.011085400884712392,0.9982207570691606,42,-2.6611880808820425
30,56,0.04,0.02,0.18,2.8,-3.2,1.2,split,-0.015271190329767707,-1.3745796648252484,38.095238095238095,-0.011085400884712392,0.9982207570691606,42,-2.6611880808820425
30,56,0.04,0.02,0.18,2.8,-4.2,1.2,split,-0.015271190329767707,-1.3745796648252484,38.095238095238095,-0.011085400884712392,0.9982207570691606,42,-2.6611880808820425
30,56,0.04,0.03,0.18,2.2,-4.2,1.6,split,-0.01394550202481696,-1.5241835781341528,39.02439024390244,-0.010425437781004923,0.9987493401548183,41,-2.7588434816094773
30,56,0.04,0.03,0.18,2.2,-3.2,1.6,split,-0.01394550202481696,-1.5241835781341528,39.02439024390244,-0.010425437781004923,0.9987493401548183,41,-2.7588434816094773
30,56,0.04,0.02,0.18,2.2,-4.2,1.6,split,-0.01394550202481696,-1.5241835781341528,39.02439024390244,-0.010425437781004923,0.9987493401548183,41,-2.7588434816094773
30,56,0.04,0.02,0.18,2.2,-3.2,1.6,split,-0.01394550202481696,-1.5241835781341528,39.02439024390244,-0.010425437781004923,0.9987493401548183,41,-2.7588434816094773
30,56,0.04,0.02,0.24,2.8,-3.2,1.2,split,0.08003785065189732,-1.2399762296807393,34.04255319148936,0.0596194346231017,0.9700119592502853,47,-2.765175901071407
30,56,0.04,0.02,0.24,2.8,-4.2,1.2,split,0.08003785065189732,-1.2399762296807393,34.04255319148936,0.0596194346231017,0.9700119592502853,47,-2.765175901071407
30,52,0.04,0.02,0.24,2.2,-4.2,1.6,split,0.04362426549432712,-1.6328651960880514,38.297872340425535,0.03470531317808515,0.9962764892184269,47,-2.7905495097265423
30,52,0.04,0.02,0.24,2.2,-3.2,1.6,split,0.04362426549432712,-1.6328651960880514,38.297872340425535,0.03470531317808515,0.9962764892184269,47,-2.7905495097265423
30,52,0.04,0.02,0.24,2.8,-3.2,1.6,split,0.04362426549432712,-1.6328651960880514,38.297872340425535,0.03470531317808515,0.9962764892184269,47,-2.7905495097265423
30,52,0.04,0.02,0.24,2.8,-4.2,1.6,split,0.04362426549432712,-1.6328651960880514,38.297872340425535,0.03470531317808515,0.9962764892184269,47,-2.7905495097265423
30,56,0.04,0.03,0.24,2.8,-4.2,1.6,split,0.09414806381362723,-1.5415748253459705,34.04255319148936,0.0686849219749288,0.9993781057721144,47,-2.852868749248802
30,56,0.04,0.03,0.24,2.8,-3.2,1.6,split,0.09414806381362723,-1.5415748253459705,34.04255319148936,0.0686849219749288,0.9993781057721144,47,-2.852868749248802
30,52,0.04,0.03,0.24,2.8,-4.2,1.6,split,0.010493369713494759,-1.6714846138824124,38.297872340425535,0.008152555459365171,0.9962764892184269,47,-2.939694670188464
30,52,0.04,0.03,0.24,2.8,-3.2,1.6,split,0.010493369713494759,-1.6714846138824124,38.297872340425535,0.008152555459365171,0.9962764892184269,47,-2.939694670188464
30,52,0.04,0.03,0.24,2.2,-3.2,1.6,split,0.010493369713494759,-1.6714846138824124,38.297872340425535,0.008152555459365171,0.9962764892184269,47,-2.939694670188464
30,52,0.04,0.03,0.24,2.2,-4.2,1.6,split,0.010493369713494759,-1.6714846138824124,38.297872340425535,0.008152555459365171,0.9962764892184269,47,-2.939694670188464
30,56,0.06,0.03,0.24,2.8,-3.2,1.6,split,0.157037154060763,-2.279644927921276,39.02439024390244,0.07558520052090638,1.0334721445553436,41,-2.95911940541763
30,56,0.06,0.03,0.24,2.8,-4.2,1.6,split,0.157037154060763,-2.279644927921276,39.02439024390244,0.07558520052090638,1.0334721445553436,41,-2.95911940541763
30,56,0.06,0.02,0.24,2.8,-3.2,1.6,split,0.157037154060763,-2.279644927921276,39.02439024390244,0.07558520052090638,1.0334721445553436,41,-2.95911940541763
30,56,0.06,0.02,0.18,2.8,-4.2,1.6,split,0.157037154060763,-2.279644927921276,39.02439024390244,0.07558520052090638,1.0334721445553436,41,-2.95911940541763
30,56,0.06,0.02,0.18,2.8,-3.2,1.6,split,0.157037154060763,-2.279644927921276,39.02439024390244,0.07558520052090638,1.0334721445553436,41,-2.95911940541763
30,56,0.06,0.02,0.24,2.8,-4.2,1.6,split,0.157037154060763,-2.279644927921276,39.02439024390244,0.07558520052090638,1.0334721445553436,41,-2.95911940541763
30,56,0.06,0.03,0.18,2.8,-4.2,1.6,split,0.157037154060763,-2.279644927921276,39.02439024390244,0.07558520052090638,1.0334721445553436,41,-2.95911940541763
30,56,0.06,0.03,0.18,2.8,-3.2,1.6,split,0.157037154060763,-2.279644927921276,39.02439024390244,0.07558520052090638,1.0334721445553436,41,-2.95911940541763
30,52,0.06,0.03,0.24,2.2,-3.2,1.6,split,0.14004759514207762,-2.5626240263358135,43.90243902439025,0.07079706938088627,1.0313729730899222,41,-2.9603043934574904
30,52,0.06,0.03,0.24,2.2,-4.2,1.6,split,0.14004759514207762,-2.5626240263358135,43.90243902439025,0.07079706938088627,1.0313729730899222,41,-2.9603043934574904
30,52,0.06,0.02,0.18,2.8,-3.2,1.6,split,0.14004759514207762,-2.5626240263358135,43.90243902439025,0.07079706938088627,1.0313729730899222,41,-2.9603043934574904
30,52,0.06,0.02,0.24,2.2,-4.2,1.6,split,0.14004759514207762,-2.5626240263358135,43.90243902439025,0.07079706938088627,1.0313729730899222,41,-2.9603043934574904
30,52,0.06,0.02,0.18,2.8,-4.2,1.6,split,0.14004759514207762,-2.5626240263358135,43.90243902439025,0.07079706938088627,1.0313729730899222,41,-2.9603043934574904
30,52,0.06,0.02,0.24,2.2,-3.2,1.6,split,0.14004759514207762,-2.5626240263358135,43.90243902439025,0.07079706938088627,1.0313729730899222,41,-2.9603043934574904
30,52,0.06,0.03,0.18,2.2,-4.2,1.6,split,0.14004759514207762,-2.5626240263358135,43.90243902439025,0.07079706938088627,1.0313729730899222,41,-2.9603043934574904
30,52,0.06,0.03,0.18,2.2,-3.2,1.6,split,0.14004759514207762,-2.5626240263358135,43.90243902439025,0.07079706938088627,1.0313729730899222,41,-2.9603043934574904
30,52,0.06,0.03,0.18,2.8,-3.2,1.6,split,0.14004759514207762,-2.5626240263358135,43.90243902439025,0.07079706938088627,1.0313729730899222,41,-2.9603043934574904
30,52,0.06,0.03,0.18,2.8,-4.2,1.6,split,0.14004759514207762,-2.5626240263358135,43.90243902439025,0.07079706938088627,1.0313729730899222,41,-2.9603043934574904
30,52,0.06,0.02,0.18,2.2,-4.2,1.6,split,0.14004759514207762,-2.5626240263358135,43.90243902439025,0.07079706938088627,1.0313729730899222,41,-2.9603043934574904
30,52,0.06,0.02,0.18,2.2,-3.2,1.6,split,0.14004759514207762,-2.5626240263358135,43.90243902439025,0.07079706938088627,1.0313729730899222,41,-2.9603043934574904
30,52,0.06,0.03,0.24,2.8,-4.2,1.6,split,0.14004759514207762,-2.5626240263358135,43.90243902439025,0.07079706938088627,1.0313729730899222,41,-2.9603043934574904
30,52,0.06,0.03,0.24,2.8,-3.2,1.6,split,0.14004759514207762,-2.5626240263358135,43.90243902439025,0.07079706938088627,1.0313729730899222,41,-2.9603043934574904
30,52,0.06,0.02,0.24,2.8,-4.2,1.6,split,0.14004759514207762,-2.5626240263358135,43.90243902439025,0.07079706938088627,1.0313729730899222,41,-2.9603043934574904
30,52,0.06,0.02,0.24,2.8,-3.2,1.6,split,0.14004759514207762,-2.5626240263358135,43.90243902439025,0.07079706938088627,1.0313729730899222,41,-2.9603043934574904
30,56,0.04,0.02,0.24,2.2,-3.2,1.6,split,0.07660587456668509,-1.4792073756956126,34.04255319148936,0.058841107684946,0.9667440019251521,47,-3.08510155289445
30,56,0.04,0.02,0.24,2.2,-4.2,1.6,split,0.07660587456668509,-1.4792073756956126,34.04255319148936,0.058841107684946,0.9667440019251521,47,-3.08510155289445
30,56,0.04,0.03,0.24,2.8,-3.2,1.2,split,-0.01842473627628351,-1.327889278999883,34.04255319148936,-0.013515972453150183,0.9700119592502853,47,-3.164636254799154
30,56,0.04,0.03,0.24,2.8,-4.2,1.2,split,-0.01842473627628351,-1.327889278999883,34.04255319148936,-0.013515972453150183,0.9700119592502853,47,-3.164636254799154
30,52,0.04,0.03,0.18,2.8,-3.2,1.2,split,-0.10861295117778355,-1.6296827990680884,40.476190476190474,-0.08266844121732451,0.9697775285049077,42,-3.287560201948531
30,52,0.04,0.03,0.18,2.8,-4.2,1.2,split,-0.10861295117778355,-1.6296827990680884,40.476190476190474,-0.08266844121732451,0.9697775285049077,42,-3.287560201948531
30,52,0.04,0.02,0.18,2.2,-4.2,1.2,split,-0.10861295117778355,-1.6296827990680884,40.476190476190474,-0.08266844121732451,0.9697775285049077,42,-3.287560201948531
30,52,0.04,0.02,0.18,2.2,-3.2,1.2,split,-0.10861295117778355,-1.6296827990680884,40.476190476190474,-0.08266844121732451,0.9697775285049077,42,-3.287560201948531
30,52,0.04,0.02,0.18,2.8,-3.2,1.2,split,-0.10861295117778355,-1.6296827990680884,40.476190476190474,-0.08266844121732451,0.9697775285049077,42,-3.287560201948531
30,52,0.04,0.02,0.18,2.8,-4.2,1.2,split,-0.10861295117778355,-1.6296827990680884,40.476190476190474,-0.08266844121732451,0.9697775285049077,42,-3.287560201948531
30,52,0.04,0.03,0.18,2.2,-3.2,1.2,split,-0.10861295117778355,-1.6296827990680884,40.476190476190474,-0.08266844121732451,0.9697775285049077,42,-3.287560201948531
30,52,0.04,0.03,0.18,2.2,-4.2,1.2,split,-0.10861295117778355,-1.6296827990680884,40.476190476190474,-0.08266844121732451,0.9697775285049077,42,-3.287560201948531
30,56,0.04,0.03,0.18,2.2,-3.2,1.2,split,-0.13876575537184183,-1.374579606709947,38.095238095238095,-0.10427544960876445,0.9616520748160213,42,-3.32535941418001
30,56,0.04,0.03,0.18,2.2,-4.2,1.2,split,-0.13876575537184183,-1.374579606709947,38.095238095238095,-0.10427544960876445,0.9616520748160213,42,-3.32535941418001
30,56,0.04,0.02,0.18,2.2,-3.2,1.2,split,-0.13876575537184183,-1.374579606709947,38.095238095238095,-0.10427544960876445,0.9616520748160213,42,-3.32535941418001
30,56,0.04,0.02,0.18,2.2,-4.2,1.2,split,-0.13876575537184183,-1.374579606709947,38.095238095238095,-0.10427544960876445,0.9616520748160213,42,-3.32535941418001
30,56,0.04,0.02,0.24,2.2,-3.2,1.2,split,-0.04357488280929829,-1.2399761673894005,34.04255319148936,-0.033664087006308574,0.9355623111359355,47,-3.4127591546872127
30,56,0.04,0.02,0.24,2.2,-4.2,1.2,split,-0.04357488280929829,-1.2399761673894005,34.04255319148936,-0.033664087006308574,0.9355623111359355,47,-3.4127591546872127
30,56,0.04,0.03,0.24,2.2,-3.2,1.6,split,-0.02948192225312596,-1.5415746344314085,34.04255319148936,-0.02227416396159079,0.9667440019251521,47,-3.481304501900195
30,56,0.04,0.03,0.24,2.2,-4.2,1.6,split,-0.02948192225312596,-1.5415746344314085,34.04255319148936,-0.02227416396159079,0.9667440019251521,47,-3.481304501900195
30,56,0.06,0.03,0.18,2.8,-4.2,1.2,split,-0.02981974476189862,-2.055979447042189,38.095238095238095,-0.01443234725128927,0.9982207570691606,42,-3.507384543923721
30,56,0.06,0.03,0.24,2.8,-3.2,1.2,split,-0.02981974476189862,-2.055979447042189,38.095238095238095,-0.01443234725128927,0.9982207570691606,42,-3.507384543923721
30,56,0.06,0.02,0.18,2.8,-3.2,1.2,split,-0.02981974476189862,-2.055979447042189,38.095238095238095,-0.01443234725128927,0.9982207570691606,42,-3.507384543923721
30,56,0.06,0.02,0.18,2.8,-4.2,1.2,split,-0.02981974476189862,-2.055979447042189,38.095238095238095,-0.01443234725128927,0.9982207570691606,42,-3.507384543923721
30,56,0.06,0.02,0.24,2.8,-3.2,1.2,split,-0.02981974476189862,-2.055979447042189,38.095238095238095,-0.01443234725128927,0.9982207570691606,42,-3.507384543923721
30,56,0.06,0.02,0.24,2.8,-4.2,1.2,split,-0.02981974476189862,-2.055979447042189,38.095238095238095,-0.01443234725128927,0.9982207570691606,42,-3.507384543923721
30,56,0.06,0.03,0.24,2.8,-4.2,1.2,split,-0.02981974476189862,-2.055979447042189,38.095238095238095,-0.01443234725128927,0.9982207570691606,42,-3.507384543923721
30,56,0.06,0.03,0.18,2.8,-3.2,1.2,split,-0.02981974476189862,-2.055979447042189,38.095238095238095,-0.01443234725128927,0.9982207570691606,42,-3.507384543923721
30,52,0.04,0.02,0.24,2.2,-3.2,1.2,split,-0.1063803227398239,-1.482104594018463,36.17021276595745,-0.08491264536579629,0.9429228474514949,47,-3.6709214867749287
30,52,0.04,0.02,0.24,2.8,-4.2,1.2,split,-0.1063803227398239,-1.482104594018463,36.17021276595745,-0.08491264536579629,0.9429228474514949,47,-3.6709214867749287
30,52,0.04,0.02,0.24,2.2,-4.2,1.2,split,-0.1063803227398239,-1.482104594018463,36.17021276595745,-0.08491264536579629,0.9429228474514949,47,-3.6709214867749287
30,52,0.04,0.02,0.24,2.8,-3.2,1.2,split,-0.1063803227398239,-1.482104594018463,36.17021276595745,-0.08491264536579629,0.9429228474514949,47,-3.6709214867749287
30,56,0.06,0.02,0.18,2.2,-4.2,1.6,split,-0.028016485659718458,-2.279645269772035,39.02439024390244,-0.013964249238613636,0.9987493401548183,41,-3.6935816099425054
30,56,0.06,0.02,0.18,2.2,-3.2,1.6,split,-0.028016485659718458,-2.279645269772035,39.02439024390244,-0.013964249238613636,0.9987493401548183,41,-3.6935816099425054
30,56,0.06,0.02,0.24,2.2,-4.2,1.6,split,-0.028016485659718458,-2.279645269772035,39.02439024390244,-0.013964249238613636,0.9987493401548183,41,-3.6935816099425054
30,56,0.06,0.02,0.24,2.2,-3.2,1.6,split,-0.028016485659718458,-2.279645269772035,39.02439024390244,-0.013964249238613636,0.9987493401548183,41,-3.6935816099425054
30,56,0.06,0.03,0.18,2.2,-3.2,1.6,split,-0.028016485659718458,-2.279645269772035,39.02439024390244,-0.013964249238613636,0.9987493401548183,41,-3.6935816099425054
30,56,0.06,0.03,0.18,2.2,-4.2,1.6,split,-0.028016485659718458,-2.279645269772035,39.02439024390244,-0.013964249238613636,0.9987493401548183,41,-3.6935816099425054
30,56,0.06,0.03,0.24,2.2,-4.2,1.6,split,-0.028016485659718458,-2.279645269772035,39.02439024390244,-0.013964249238613636,0.9987493401548183,41,-3.6935816099425054
30,56,0.06,0.03,0.24,2.2,-3.2,1.6,split,-0.028016485659718458,-2.279645269772035,39.02439024390244,-0.013964249238613636,0.9987493401548183,41,-3.6935816099425054
30,56,0.04,0.03,0.24,2.2,-4.2,1.2,split,-0.1419159927606961,-1.327889363786261,34.04255319148936,-0.10784910848405817,0.9355623111359355,47,-3.814136698246041
30,56,0.04,0.03,0.24,2.2,-3.2,1.2,split,-0.1419159927606961,-1.327889363786261,34.04255319148936,-0.10784910848405817,0.9355623111359355,47,-3.814136698246041
30,52,0.04,0.03,0.24,2.2,-3.2,1.2,split,-0.15779476498448275,-1.5863446379012158,36.17021276595745,-0.12297121548686982,0.9429228474514949,47,-3.9492483430433674
30,52,0.04,0.03,0.24,2.2,-4.2,1.2,split,-0.15779476498448275,-1.5863446379012158,36.17021276595745,-0.12297121548686982,0.9429228474514949,47,-3.9492483430433674
30,52,0.04,0.03,0.24,2.8,-4.2,1.2,split,-0.15779476498448275,-1.5863446379012158,36.17021276595745,-0.12297121548686982,0.9429228474514949,47,-3.9492483430433674
30,52,0.04,0.03,0.24,2.8,-3.2,1.2,split,-0.15779476498448275,-1.5863446379012158,36.17021276595745,-0.12297121548686982,0.9429228474514949,47,-3.9492483430433674
30,56,0.06,0.02,0.24,2.2,-4.2,1.2,split,-0.2145272240133454,-2.05597928155139,38.095238095238095,-0.10754856094373949,0.9616520748160213,42,-4.263227449621947
30,56,0.06,0.02,0.24,2.2,-3.2,1.2,split,-0.2145272240133454,-2.05597928155139,38.095238095238095,-0.10754856094373949,0.9616520748160213,42,-4.263227449621947
30,56,0.06,0.03,0.18,2.2,-3.2,1.2,split,-0.2145272240133454,-2.05597928155139,38.095238095238095,-0.10754856094373949,0.9616520748160213,42,-4.263227449621947
30,56,0.06,0.03,0.18,2.2,-4.2,1.2,split,-0.2145272240133454,-2.05597928155139,38.095238095238095,-0.10754856094373949,0.9616520748160213,42,-4.263227449621947
30,56,0.06,0.03,0.24,2.2,-4.2,1.2,split,-0.2145272240133454,-2.05597928155139,38.095238095238095,-0.10754856094373949,0.9616520748160213,42,-4.263227449621947
30,56,0.06,0.03,0.24,2.2,-3.2,1.2,split,-0.2145272240133454,-2.05597928155139,38.095238095238095,-0.10754856094373949,0.9616520748160213,42,-4.263227449621947
30,56,0.06,0.02,0.18,2.2,-4.2,1.2,split,-0.2145272240133454,-2.05597928155139,38.095238095238095,-0.10754856094373949,0.9616520748160213,42,-4.263227449621947
30,56,0.06,0.02,0.18,2.2,-3.2,1.2,split,-0.2145272240133454,-2.05597928155139,38.095238095238095,-0.10754856094373949,0.9616520748160213,42,-4.263227449621947
30,52,0.06,0.02,0.18,2.8,-3.2,1.2,split,-0.16912187927566266,-2.436034030554568,40.476190476190474,-0.08586459358231599,0.9697775285049077,42,-4.352337376609108
30,52,0.06,0.02,0.24,2.2,-4.2,1.2,split,-0.16912187927566266,-2.436034030554568,40.476190476190474,-0.08586459358231599,0.9697775285049077,42,-4.352337376609108
30,52,0.06,0.02,0.18,2.8,-4.2,1.2,split,-0.16912187927566266,-2.436034030554568,40.476190476190474,-0.08586459358231599,0.9697775285049077,42,-4.352337376609108
30,52,0.06,0.02,0.24,2.2,-3.2,1.2,split,-0.16912187927566266,-2.436034030554568,40.476190476190474,-0.08586459358231599,0.9697775285049077,42,-4.352337376609108
30,52,0.06,0.03,0.24,2.2,-4.2,1.2,split,-0.16912187927566266,-2.436034030554568,40.476190476190474,-0.08586459358231599,0.9697775285049077,42,-4.352337376609108
30,52,0.06,0.03,0.24,2.2,-3.2,1.2,split,-0.16912187927566266,-2.436034030554568,40.476190476190474,-0.08586459358231599,0.9697775285049077,42,-4.352337376609108
30,52,0.06,0.03,0.18,2.8,-3.2,1.2,split,-0.16912187927566266,-2.436034030554568,40.476190476190474,-0.08586459358231599,0.9697775285049077,42,-4.352337376609108
30,52,0.06,0.03,0.18,2.8,-4.2,1.2,split,-0.16912187927566266,-2.436034030554568,40.476190476190474,-0.08586459358231599,0.9697775285049077,42,-4.352337376609108
30,52,0.06,0.03,0.18,2.2,-4.2,1.2,split,-0.16912187927566266,-2.436034030554568,40.476190476190474,-0.08586459358231599,0.9697775285049077,42,-4.352337376609108
30,52,0.06,0.03,0.18,2.2,-3.2,1.2,split,-0.16912187927566266,-2.436034030554568,40.476190476190474,-0.08586459358231599,0.9697775285049077,42,-4.352337376609108
30,52,0.06,0.02,0.24,2.8,-4.2,1.2,split,-0.16912187927566266,-2.436034030554568,40.476190476190474,-0.08586459358231599,0.9697775285049077,42,-4.352337376609108
30,52,0.06,0.02,0.24,2.8,-3.2,1.2,split,-0.16912187927566266,-2.436034030554568,40.476190476190474,-0.08586459358231599,0.9697775285049077,42,-4.352337376609108
30,52,0.06,0.02,0.18,2.2,-4.2,1.2,split,-0.16912187927566266,-2.436034030554568,40.476190476190474,-0.08586459358231599,0.9697775285049077,42,-4.352337376609108
30,52,0.06,0.02,0.18,2.2,-3.2,1.2,split,-0.16912187927566266,-2.436034030554568,40.476190476190474,-0.08586459358231599,0.9697775285049077,42,-4.352337376609108
30,52,0.06,0.03,0.24,2.8,-4.2,1.2,split,-0.16912187927566266,-2.436034030554568,40.476190476190474,-0.08586459358231599,0.9697775285049077,42,-4.352337376609108
30,52,0.06,0.03,0.24,2.8,-3.2,1.2,split,-0.16912187927566266,-2.436034030554568,40.476190476190474,-0.08586459358231599,0.9697775285049077,42,-4.352337376609108
34,60,0.04,0.02,0.24,2.8,-3.2,1.2,split,-3.2589885755361863,-3.56036271594371,31.25,-1.7517628039826463,0.5337038552285652,64,-17.894812888573504
34,60,0.04,0.02,0.24,2.8,-4.2,1.2,split,-3.2589885755361863,-3.56036271594371,31.25,-1.7517628039826463,0.5337038552285652,64,-17.894812888573504
34,60,0.04,0.02,0.18,2.8,-4.2,1.2,split,-3.306296473355342,-3.6075232370006205,32.20338983050847,-1.7575510466715134,0.5325171217635182,59,-17.96716652722796
34,60,0.04,0.02,0.18,2.8,-3.2,1.2,split,-3.306296473355342,-3.6075232370006205,32.20338983050847,-1.7575510466715134,0.5325171217635182,59,-17.96716652722796
34,60,0.04,0.03,0.18,2.8,-3.2,1.2,split,-3.306296473355342,-3.6075232370006205,32.20338983050847,-1.7575510466715134,0.5325171217635182,59,-17.96716652722796
34,60,0.04,0.03,0.18,2.8,-4.2,1.2,split,-3.306296473355342,-3.6075232370006205,32.20338983050847,-1.7575510466715134,0.5325171217635182,59,-17.96716652722796
34,60,0.04,0.03,0.24,2.8,-3.2,1.2,split,-3.3315710595768726,-3.6327190861220937,31.25,-1.7797155627092627,0.5337038552285652,64,-18.146419776301823
34,60,0.04,0.03,0.24,2.8,-4.2,1.2,split,-3.3315710595768726,-3.6327190861220937,31.25,-1.7797155627092627,0.5337038552285652,64,-18.146419776301823
34,60,0.04,0.02,0.24,2.2,-4.2,1.2,split,-3.378476624998293,-3.5602952165056823,31.25,-1.8497098776852041,0.5169006234889779,64,-18.404283964762843
34,60,0.04,0.02,0.24,2.2,-3.2,1.2,split,-3.378476624998293,-3.5602952165056823,31.25,-1.8497098776852041,0.5169006234889779,64,-18.404283964762843
34,60,0.06,0.03,0.24,2.8,-3.2,1.2,split,-3.584863108925729,-4.033151603269458,31.428571428571427,-1.4227137988878085,0.5170992594500866,35,-18.411424395201152
34,60,0.06,0.03,0.24,2.8,-4.2,1.2,split,-3.584863108925729,-4.033151603269458,31.428571428571427,-1.4227137988878085,0.5170992594500866,35,-18.411424395201152
34,60,0.06,0.02,0.24,2.8,-3.2,1.2,split,-3.584863108925729,-4.033151603269458,31.428571428571427,-1.4227137988878085,0.5170992594500866,35,-18.411424395201152
34,60,0.06,0.02,0.24,2.8,-4.2,1.2,split,-3.584863108925729,-4.033151603269458,31.428571428571427,-1.4227137988878085,0.5170992594500866,35,-18.411424395201152
34,60,0.06,0.03,0.18,2.8,-4.2,1.2,split,-3.584863108925729,-4.033151603269458,31.428571428571427,-1.4227137988878085,0.5170992594500866,35,-18.411424395201152
34,60,0.06,0.03,0.18,2.8,-3.2,1.2,split,-3.584863108925729,-4.033151603269458,31.428571428571427,-1.4227137988878085,0.5170992594500866,35,-18.411424395201152
34,60,0.06,0.02,0.18,2.8,-4.2,1.2,split,-3.584863108925729,-4.033151603269458,31.428571428571427,-1.4227137988878085,0.5170992594500866,35,-18.411424395201152
34,60,0.06,0.02,0.18,2.8,-3.2,1.2,split,-3.584863108925729,-4.033151603269458,31.428571428571427,-1.4227137988878085,0.5170992594500866,35,-18.411424395201152
34,60,0.04,0.02,0.18,2.2,-4.2,1.2,split,-3.425726328681158,-3.607456007550114,32.20338983050847,-1.8541173539881302,0.5151595344930527,59,-18.478223947673033
34,60,0.04,0.03,0.18,2.2,-4.2,1.2,split,-3.425726328681158,-3.607456007550114,32.20338983050847,-1.8541173539881302,0.5151595344930527,59,-18.478223947673033
34,60,0.04,0.03,0.18,2.2,-3.2,1.2,split,-3.425726328681158,-3.607456007550114,32.20338983050847,-1.8541173539881302,0.5151595344930527,59,-18.478223947673033
34,60,0.04,0.02,0.18,2.2,-3.2,1.2,split,-3.425726328681158,-3.607456007550114,32.20338983050847,-1.8541173539881302,0.5151595344930527,59,-18.478223947673033
34,60,0.04,0.03,0.24,2.2,-4.2,1.2,split,-3.4509692194298807,-3.63265139721749,31.25,-1.8772899796167317,0.5169006234889779,64,-18.655010477127448
34,60,0.04,0.03,0.24,2.2,-3.2,1.2,split,-3.4509692194298807,-3.63265139721749,31.25,-1.8772899796167317,0.5169006234889779,64,-18.655010477127448
34,56,0.06,0.02,0.24,2.8,-4.2,1.6,split,-3.6968094958385698,-4.144577488123646,33.33333333333333,-1.4665873852218727,0.5029399331517672,33,-18.76169586806917
34,56,0.06,0.02,0.24,2.8,-3.2,1.6,split,-3.6968094958385698,-4.144577488123646,33.33333333333333,-1.4665873852218727,0.5029399331517672,33,-18.76169586806917
34,56,0.06,0.03,0.24,2.8,-3.2,1.6,split,-3.6968094958385698,-4.144577488123646,33.33333333333333,-1.4665873852218727,0.5029399331517672,33,-18.76169586806917
34,56,0.06,0.02,0.18,2.8,-4.2,1.6,split,-3.6968094958385698,-4.144577488123646,33.33333333333333,-1.4665873852218727,0.5029399331517672,33,-18.76169586806917
34,56,0.06,0.02,0.18,2.8,-3.2,1.6,split,-3.6968094958385698,-4.144577488123646,33.33333333333333,-1.4665873852218727,0.5029399331517672,33,-18.76169586806917
34,56,0.06,0.03,0.18,2.8,-3.2,1.6,split,-3.6968094958385698,-4.144577488123646,33.33333333333333,-1.4665873852218727,0.5029399331517672,33,-18.76169586806917
34,56,0.06,0.03,0.18,2.8,-4.2,1.6,split,-3.6968094958385698,-4.144577488123646,33.33333333333333,-1.4665873852218727,0.5029399331517672,33,-18.76169586806917
34,56,0.06,0.03,0.24,2.8,-4.2,1.6,split,-3.6968094958385698,-4.144577488123646,33.33333333333333,-1.4665873852218727,0.5029399331517672,33,-18.76169586806917
34,56,0.04,0.02,0.24,2.8,-3.2,1.2,split,-3.455939675464051,-3.756700260487267,31.25,-1.8737234277608197,0.508330460696436,64,-18.87275299573095
34,56,0.04,0.02,0.24,2.8,-4.2,1.2,split,-3.455939675464051,-3.756700260487267,31.25,-1.8737234277608197,0.508330460696436,64,-18.87275299573095
34,56,0.04,0.02,0.18,2.8,-4.2,1.2,split,-3.50315099357058,-3.8037645027031997,32.20338983050847,-1.8780578519395292,0.5063160188093943,59,-18.948560260562935
34,56,0.04,0.02,0.18,2.8,-3.2,1.2,split,-3.50315099357058,-3.8037645027031997,32.20338983050847,-1.8780578519395292,0.5063160188093943,59,-18.948560260562935
34,56,0.04,0.03,0.18,2.8,-4.2,1.2,split,-3.50315099357058,-3.8037645027031997,32.20338983050847,-1.8780578519395292,0.5063160188093943,59,-18.948560260562935
34,56,0.04,0.03,0.18,2.8,-3.2,1.2,split,-3.50315099357058,-3.8037645027031997,32.20338983050847,-1.8780578519395292,0.5063160188093943,59,-18.948560260562935
34,56,0.06,0.03,0.18,2.8,-4.2,1.2,split,-3.7188182685261015,-4.166483929580956,31.428571428571427,-1.4812764895414676,0.5018579835430766,35,-19.011411514738906
34,56,0.06,0.03,0.18,2.8,-3.2,1.2,split,-3.7188182685261015,-4.166483929580956,31.428571428571427,-1.4812764895414676,0.5018579835430766,35,-19.011411514738906
34,56,0.06,0.02,0.24,2.8,-3.2,1.2,split,-3.7188182685261015,-4.166483929580956,31.428571428571427,-1.4812764895414676,0.5018579835430766,35,-19.011411514738906
34,56,0.06,0.03,0.24,2.8,-4.2,1.2,split,-3.7188182685261015,-4.166483929580956,31.428571428571427,-1.4812764895414676,0.5018579835430766,35,-19.011411514738906
34,56,0.06,0.02,0.18,2.8,-3.2,1.2,split,-3.7188182685261015,-4.166483929580956,31.428571428571427,-1.4812764895414676,0.5018579835430766,35,-19.011411514738906
34,56,0.06,0.02,0.24,2.8,-4.2,1.2,split,-3.7188182685261015,-4.166483929580956,31.428571428571427,-1.4812764895414676,0.5018579835430766,35,-19.011411514738906
34,56,0.06,0.03,0.24,2.8,-3.2,1.2,split,-3.7188182685261015,-4.166483929580956,31.428571428571427,-1.4812764895414676,0.5018579835430766,35,-19.011411514738906
34,56,0.06,0.02,0.18,2.8,-4.2,1.2,split,-3.7188182685261015,-4.166483929580956,31.428571428571427,-1.4812764895414676,0.5018579835430766,35,-19.011411514738906
34,60,0.06,0.02,0.24,2.2,-4.2,1.2,split,-3.7630030919372253,-4.033531932480439,31.428571428571427,-1.5277602425103525,0.49224948795956697,35,-19.087981823940822
34,60,0.06,0.02,0.24,2.2,-3.2,1.2,split,-3.7630030919372253,-4.033531932480439,31.428571428571427,-1.5277602425103525,0.49224948795956697,35,-19.087981823940822
34,60,0.06,0.03,0.24,2.2,-4.2,1.2,split,-3.7630030919372253,-4.033531932480439,31.428571428571427,-1.5277602425103525,0.49224948795956697,35,-19.087981823940822
34,60,0.06,0.02,0.18,2.2,-4.2,1.2,split,-3.7630030919372253,-4.033531932480439,31.428571428571427,-1.5277602425103525,0.49224948795956697,35,-19.087981823940822
34,60,0.06,0.02,0.18,2.2,-3.2,1.2,split,-3.7630030919372253,-4.033531932480439,31.428571428571427,-1.5277602425103525,0.49224948795956697,35,-19.087981823940822
34,60,0.06,0.03,0.24,2.2,-3.2,1.2,split,-3.7630030919372253,-4.033531932480439,31.428571428571427,-1.5277602425103525,0.49224948795956697,35,-19.087981823940822
34,60,0.06,0.03,0.18,2.2,-3.2,1.2,split,-3.7630030919372253,-4.033531932480439,31.428571428571427,-1.5277602425103525,0.49224948795956697,35,-19.087981823940822
34,60,0.06,0.03,0.18,2.2,-4.2,1.2,split,-3.7630030919372253,-4.033531932480439,31.428571428571427,-1.5277602425103525,0.49224948795956697,35,-19.087981823940822
34,56,0.04,0.03,0.24,2.8,-4.2,1.2,split,-3.5283738083667955,-3.828908741681203,31.25,-1.9010265076783959,0.508330460696436,64,-19.12266053235294
34,56,0.04,0.03,0.24,2.8,-3.2,1.2,split,-3.5283738083667955,-3.828908741681203,31.25,-1.9010265076783959,0.508330460696436,64,-19.12266053235294
34,60,0.06,0.02,0.18,2.8,-3.2,1.6,split,-3.6360021970845446,-4.0840529168881705,34.61538461538461,-1.5240921815711543,0.4360554471961807,26,-19.145376812234716
34,60,0.06,0.03,0.18,2.8,-3.2,1.6,split,-3.6360021970845446,-4.0840529168881705,34.61538461538461,-1.5240921815711543,0.4360554471961807,26,-19.145376812234716
34,60,0.06,0.03,0.24,2.8,-3.2,1.6,split,-3.6360021970845446,-4.0840529168881705,34.61538461538461,-1.5240921815711543,0.4360554471961807,26,-19.145376812234716
34,60,0.06,0.02,0.24,2.8,-3.2,1.6,split,-3.6360021970845446,-4.0840529168881705,34.61538461538461,-1.5240921815711543,0.4360554471961807,26,-19.145376812234716
34,60,0.06,0.03,0.18,2.8,-4.2,1.6,split,-3.6360021970845446,-4.0840529168881705,34.61538461538461,-1.5240921815711543,0.4360554471961807,26,-19.145376812234716
34,60,0.06,0.03,0.24,2.8,-4.2,1.6,split,-3.6360021970845446,-4.0840529168881705,34.61538461538461,-1.5240921815711543,0.4360554471961807,26,-19.145376812234716
34,60,0.06,0.02,0.24,2.8,-4.2,1.6,split,-3.6360021970845446,-4.0840529168881705,34.61538461538461,-1.5240921815711543,0.4360554471961807,26,-19.145376812234716
34,60,0.06,0.02,0.18,2.8,-4.2,1.6,split,-3.6360021970845446,-4.0840529168881705,34.61538461538461,-1.5240921815711543,0.4360554471961807,26,-19.145376812234716
38,60,0.06,0.02,0.18,2.8,-3.2,1.2,split,-3.653148891563142,-4.101119886687654,31.70731707317073,-1.7374605235934668,0.5089404987958935,41,-19.267878892336025
38,60,0.06,0.03,0.18,2.8,-3.2,1.2,split,-3.653148891563142,-4.101119886687654,31.70731707317073,-1.7374605235934668,0.5089404987958935,41,-19.267878892336025
38,60,0.06,0.02,0.24,2.8,-3.2,1.2,split,-3.653148891563142,-4.101119886687654,31.70731707317073,-1.7374605235934668,0.5089404987958935,41,-19.267878892336025
38,60,0.06,0.02,0.24,2.8,-4.2,1.2,split,-3.653148891563142,-4.101119886687654,31.70731707317073,-1.7374605235934668,0.5089404987958935,41,-19.267878892336025
38,60,0.06,0.03,0.24,2.8,-3.2,1.2,split,-3.653148891563142,-4.101119886687654,31.70731707317073,-1.7374605235934668,0.5089404987958935,41,-19.267878892336025
38,60,0.06,0.03,0.24,2.8,-4.2,1.2,split,-3.653148891563142,-4.101119886687654,31.70731707317073,-1.7374605235934668,0.5089404987958935,41,-19.267878892336025
38,60,0.06,0.03,0.18,2.8,-4.2,1.2,split,-3.653148891563142,-4.101119886687654,31.70731707317073,-1.7374605235934668,0.5089404987958935,41,-19.267878892336025
38,60,0.06,0.02,0.18,2.8,-4.2,1.2,split,-3.653148891563142,-4.101119886687654,31.70731707317073,-1.7374605235934668,0.5089404987958935,41,-19.267878892336025
34,60,0.04,0.02,0.18,2.8,-3.2,1.6,split,-3.645671364951449,-3.9458408849859294,32.758620689655174,-1.9074498792826564,0.5073222467713268,58,-19.339148238632575
34,60,0.04,0.03,0.18,2.8,-3.2,1.6,split,-3.645671364951449,-3.9458408849859294,32.758620689655174,-1.9074498792826564,0.5073222467713268,58,-19.339148238632575
34,60,0.04,0.03,0.18,2.8,-4.2,1.6,split,-3.645671364951449,-3.9458408849859294,32.758620689655174,-1.9074498792826564,0.5073222467713268,58,-19.339148238632575
34,60,0.04,0.02,0.18,2.8,-4.2,1.6,split,-3.645671364951449,-3.9458408849859294,32.758620689655174,-1.9074498792826564,0.5073222467713268,58,-19.339148238632575
34,60,0.04,0.02,0.24,2.8,-3.2,1.6,split,-3.5299446249206263,-3.830474664721084,28.35820895522388,-1.869253529894391,0.5021752354715818,67,-19.343934994644457
34,60,0.04,0.02,0.24,2.8,-4.2,1.6,split,-3.5299446249206263,-3.830474664721084,28.35820895522388,-1.869253529894391,0.5021752354715818,67,-19.343934994644457
34,56,0.04,0.02,0.24,2.2,-4.2,1.2,split,-3.575184992386203,-3.7566334258061773,31.25,-1.9748648371862707,0.49160267565963384,64,-19.38764586864219
34,56,0.04,0.02,0.24,2.2,-3.2,1.2,split,-3.575184992386203,-3.7566334258061773,31.25,-1.9748648371862707,0.49160267565963384,64,-19.38764586864219
34,52,0.04,0.03,0.18,2.8,-4.2,1.2,split,-3.5689720044255044,-3.972925568390373,35.59322033898305,-1.986943122718777,0.47913380107092657,59,-19.414326898458203
34,52,0.04,0.02,0.18,2.2,-3.2,1.2,split,-3.5689720044255044,-3.972925568390373,35.59322033898305,-1.986943122718777,0.47913380107092657,59,-19.414326898458203
34,52,0.04,0.02,0.18,2.2,-4.2,1.2,split,-3.5689720044255044,-3.972925568390373,35.59322033898305,-1.986943122718777,0.47913380107092657,59,-19.414326898458203
34,52,0.04,0.03,0.18,2.2,-4.2,1.2,split,-3.5689720044255044,-3.972925568390373,35.59322033898305,-1.986943122718777,0.47913380107092657,59,-19.414326898458203
34,52,0.04,0.03,0.18,2.2,-3.2,1.2,split,-3.5689720044255044,-3.972925568390373,35.59322033898305,-1.986943122718777,0.47913380107092657,59,-19.414326898458203
34,52,0.04,0.02,0.18,2.8,-3.2,1.2,split,-3.5689720044255044,-3.972925568390373,35.59322033898305,-1.986943122718777,0.47913380107092657,59,-19.414326898458203
34,52,0.04,0.02,0.18,2.8,-4.2,1.2,split,-3.5689720044255044,-3.972925568390373,35.59322033898305,-1.986943122718777,0.47913380107092657,59,-19.414326898458203
34,52,0.04,0.03,0.18,2.8,-3.2,1.2,split,-3.5689720044255044,-3.972925568390373,35.59322033898305,-1.986943122718777,0.47913380107092657,59,-19.414326898458203
34,56,0.06,0.02,0.18,2.2,-4.2,1.6,split,-3.874742114074943,-4.144956848514747,33.33333333333333,-1.5724429433252438,0.4781554776871438,33,-19.439036787816782
34,56,0.06,0.03,0.24,2.2,-3.2,1.6,split,-3.874742114074943,-4.144956848514747,33.33333333333333,-1.5724429433252438,0.4781554776871438,33,-19.439036787816782
34,56,0.06,0.03,0.24,2.2,-4.2,1.6,split,-3.874742114074943,-4.144956848514747,33.33333333333333,-1.5724429433252438,0.4781554776871438,33,-19.439036787816782
34,56,0.06,0.02,0.24,2.2,-4.2,1.6,split,-3.874742114074943,-4.144956848514747,33.33333333333333,-1.5724429433252438,0.4781554776871438,33,-19.439036787816782
34,56,0.06,0.02,0.24,2.2,-3.2,1.6,split,-3.874742114074943,-4.144956848514747,33.33333333333333,-1.5724429433252438,0.4781554776871438,33,-19.439036787816782
34,56,0.06,0.03,0.18,2.2,-4.2,1.6,split,-3.874742114074943,-4.144956848514747,33.33333333333333,-1.5724429433252438,0.4781554776871438,33,-19.439036787816782
34,56,0.06,0.03,0.18,2.2,-3.2,1.6,split,-3.874742114074943,-4.144956848514747,33.33333333333333,-1.5724429433252438,0.4781554776871438,33,-19.439036787816782
34,56,0.06,0.02,0.18,2.2,-3.2,1.6,split,-3.874742114074943,-4.144956848514747,33.33333333333333,-1.5724429433252438,0.4781554776871438,33,-19.439036787816782
34,56,0.04,0.02,0.18,2.2,-3.2,1.2,split,-3.6223380554391587,-3.803697758075242,32.20338983050847,-1.9777073744105536,0.48903892656002407,59,-19.464776542749263
34,56,0.04,0.03,0.18,2.2,-3.2,1.2,split,-3.6223380554391587,-3.803697758075242,32.20338983050847,-1.9777073744105536,0.48903892656002407,59,-19.464776542749263
34,56,0.04,0.03,0.18,2.2,-4.2,1.2,split,-3.6223380554391587,-3.803697758075242,32.20338983050847,-1.9777073744105536,0.48903892656002407,59,-19.464776542749263
34,56,0.04,0.02,0.18,2.2,-4.2,1.2,split,-3.6223380554391587,-3.803697758075242,32.20338983050847,-1.9777073744105536,0.48903892656002407,59,-19.464776542749263
34,52,0.04,0.02,0.24,2.8,-4.2,1.2,split,-3.611517485751465,-3.825735660213625,34.375,-2.0554357558947425,0.4822481896733328,64,-19.51104501528637
34,52,0.04,0.02,0.24,2.2,-4.2,1.2,split,-3.611517485751465,-3.825735660213625,34.375,-2.0554357558947425,0.4822481896733328,64,-19.51104501528637
34,52,0.04,0.02,0.24,2.8,-3.2,1.2,split,-3.611517485751465,-3.825735660213625,34.375,-2.0554357558947425,0.4822481896733328,64,-19.51104501528637
34,52,0.04,0.02,0.24,2.2,-3.2,1.2,split,-3.611517485751465,-3.825735660213625,34.375,-2.0554357558947425,0.4822481896733328,64,-19.51104501528637
38,56,0.06,0.03,0.24,2.8,-3.2,1.6,split,-3.8646951094913673,-4.311682506618952,30.952380952380953,-1.6729144291939355,0.5406279110445624,42,-19.51567676602069
38,56,0.06,0.03,0.24,2.8,-4.2,1.6,split,-3.8646951094913673,-4.311682506618952,30.952380952380953,-1.6729144291939355,0.5406279110445624,42,-19.51567676602069
38,56,0.06,0.03,0.18,2.8,-4.2,1.6,split,-3.8646951094913673,-4.311682506618952,30.952380952380953,-1.6729144291939355,0.5406279110445624,42,-19.51567676602069
38,56,0.06,0.02,0.24,2.8,-3.2,1.6,split,-3.8646951094913673,-4.311682506618952,30.952380952380953,-1.6729144291939355,0.5406279110445624,42,-19.51567676602069
38,56,0.06,0.02,0.24,2.8,-4.2,1.6,split,-3.8646951094913673,-4.311682506618952,30.952380952380953,-1.6729144291939355,0.5406279110445624,42,-19.51567676602069
38,56,0.06,0.02,0.18,2.8,-3.2,1.6,split,-3.8646951094913673,-4.311682506618952,30.952380952380953,-1.6729144291939355,0.5406279110445624,42,-19.51567676602069
38,56,0.06,0.02,0.18,2.8,-4.2,1.6,split,-3.8646951094913673,-4.311682506618952,30.952380952380953,-1.6729144291939355,0.5406279110445624,42,-19.51567676602069
38,56,0.06,0.03,0.18,2.8,-3.2,1.6,split,-3.8646951094913673,-4.311682506618952,30.952380952380953,-1.6729144291939355,0.5406279110445624,42,-19.51567676602069
34,52,0.06,0.03,0.24,2.8,-4.2,1.6,split,-3.9703662219335274,-4.185854856390359,35.294117647058826,-1.6105349543328895,0.46781994670016674,34,-19.63355608386846
34,52,0.06,0.03,0.24,2.8,-3.2,1.6,split,-3.9703662219335274,-4.185854856390359,35.294117647058826,-1.6105349543328895,0.46781994670016674,34,-19.63355608386846
34,52,0.06,0.03,0.24,2.2,-4.2,1.6,split,-3.9703662219335274,-4.185854856390359,35.294117647058826,-1.6105349543328895,0.46781994670016674,34,-19.63355608386846
34,52,0.06,0.02,0.18,2.2,-3.2,1.6,split,-3.9703662219335274,-4.185854856390359,35.294117647058826,-1.6105349543328895,0.46781994670016674,34,-19.63355608386846
34,52,0.06,0.02,0.18,2.8,-4.2,1.6,split,-3.9703662219335274,-4.185854856390359,35.294117647058826,-1.6105349543328895,0.46781994670016674,34,-19.63355608386846
34,52,0.06,0.02,0.18,2.8,-3.2,1.6,split,-3.9703662219335274,-4.185854856390359,35.294117647058826,-1.6105349543328895,0.46781994670016674,34,-19.63355608386846
34,52,0.06,0.02,0.18,2.2,-4.2,1.6,split,-3.9703662219335274,-4.185854856390359,35.294117647058826,-1.6105349543328895,0.46781994670016674,34,-19.63355608386846
34,52,0.06,0.02,0.24,2.8,-4.2,1.6,split,-3.9703662219335274,-4.185854856390359,35.294117647058826,-1.6105349543328895,0.46781994670016674,34,-19.63355608386846
34,52,0.06,0.02,0.24,2.2,-4.2,1.6,split,-3.9703662219335274,-4.185854856390359,35.294117647058826,-1.6105349543328895,0.46781994670016674,34,-19.63355608386846
34,52,0.06,0.02,0.24,2.8,-3.2,1.6,split,-3.9703662219335274,-4.185854856390359,35.294117647058826,-1.6105349543328895,0.46781994670016674,34,-19.63355608386846
34,52,0.06,0.03,0.18,2.8,-3.2,1.6,split,-3.9703662219335274,-4.185854856390359,35.294117647058826,-1.6105349543328895,0.46781994670016674,34,-19.63355608386846
34,52,0.06,0.03,0.18,2.2,-4.2,1.6,split,-3.9703662219335274,-4.185854856390359,35.294117647058826,-1.6105349543328895,0.46781994670016674,34,-19.63355608386846
34,52,0.06,0.03,0.18,2.8,-4.2,1.6,split,-3.9703662219335274,-4.185854856390359,35.294117647058826,-1.6105349543328895,0.46781994670016674,34,-19.63355608386846
34,52,0.06,0.03,0.24,2.2,-3.2,1.6,split,-3.9703662219335274,-4.185854856390359,35.294117647058826,-1.6105349543328895,0.46781994670016674,34,-19.63355608386846
34,52,0.06,0.02,0.24,2.2,-3.2,1.6,split,-3.9703662219335274,-4.185854856390359,35.294117647058826,-1.6105349543328895,0.46781994670016674,34,-19.63355608386846
34,52,0.06,0.03,0.18,2.2,-3.2,1.6,split,-3.9703662219335274,-4.185854856390359,35.294117647058826,-1.6105349543328895,0.46781994670016674,34,-19.63355608386846
34,56,0.04,0.03,0.24,2.2,-3.2,1.2,split,-3.647529788587799,-3.8288420864089012,31.25,-2.001740350172404,0.49160267565963384,64,-19.636564481640114
34,56,0.04,0.03,0.24,2.2,-4.2,1.2,split,-3.647529788587799,-3.8288420864089012,31.25,-2.001740350172404,0.49160267565963384,64,-19.636564481640114
34,52,0.04,0.03,0.24,2.8,-4.2,1.2,split,-3.6386039832610004,-3.9387662742156326,34.375,-2.0493815853219557,0.4822481896733328,64,-19.67520315720751
34,52,0.04,0.03,0.24,2.2,-3.2,1.2,split,-3.6386039832610004,-3.9387662742156326,34.375,-2.0493815853219557,0.4822481896733328,64,-19.67520315720751
34,52,0.04,0.03,0.24,2.2,-4.2,1.2,split,-3.6386039832610004,-3.9387662742156326,34.375,-2.0493815853219557,0.4822481896733328,64,-19.67520315720751
34,52,0.04,0.03,0.24,2.8,-3.2,1.2,split,-3.6386039832610004,-3.9387662742156326,34.375,-2.0493815853219557,0.4822481896733328,64,-19.67520315720751
38,52,0.06,0.03,0.24,2.8,-4.2,1.6,split,-3.857742133233296,-4.073483493959373,34.146341463414636,-1.8574979624480241,0.4964644738604608,41,-19.68636620954038
38,52,0.06,0.03,0.24,2.2,-3.2,1.6,split,-3.857742133233296,-4.073483493959373,34.146341463414636,-1.8574979624480241,0.4964644738604608,41,-19.68636620954038
38,52,0.06,0.03,0.18,2.8,-4.2,1.6,split,-3.857742133233296,-4.073483493959373,34.146341463414636,-1.8574979624480241,0.4964644738604608,41,-19.68636620954038
38,52,0.06,0.03,0.18,2.8,-3.2,1.6,split,-3.857742133233296,-4.073483493959373,34.146341463414636,-1.8574979624480241,0.4964644738604608,41,-19.68636620954038
38,52,0.06,0.03,0.18,2.2,-4.2,1.6,split,-3.857742133233296,-4.073483493959373,34.146341463414636,-1.8574979624480241,0.4964644738604608,41,-19.68636620954038
38,52,0.06,0.03,0.18,2.2,-3.2,1.6,split,-3.857742133233296,-4.073483493959373,34.146341463414636,-1.8574979624480241,0.4964644738604608,41,-19.68636620954038
38,52,0.06,0.02,0.24,2.8,-4.2,1.6,split,-3.857742133233296,-4.073483493959373,34.146341463414636,-1.8574979624480241,0.4964644738604608,41,-19.68636620954038
38,52,0.06,0.02,0.24,2.8,-3.2,1.6,split,-3.857742133233296,-4.073483493959373,34.146341463414636,-1.8574979624480241,0.4964644738604608,41,-19.68636620954038
38,52,0.06,0.03,0.24,2.2,-4.2,1.6,split,-3.857742133233296,-4.073483493959373,34.146341463414636,-1.8574979624480241,0.4964644738604608,41,-19.68636620954038
38,52,0.06,0.02,0.18,2.2,-3.2,1.6,split,-3.857742133233296,-4.073483493959373,34.146341463414636,-1.8574979624480241,0.4964644738604608,41,-19.68636620954038
38,52,0.06,0.02,0.18,2.2,-4.2,1.6,split,-3.857742133233296,-4.073483493959373,34.146341463414636,-1.8574979624480241,0.4964644738604608,41,-19.68636620954038
38,52,0.06,0.02,0.18,2.8,-3.2,1.6,split,-3.857742133233296,-4.073483493959373,34.146341463414636,-1.8574979624480241,0.4964644738604608,41,-19.68636620954038
38,52,0.06,0.02,0.24,2.2,-3.2,1.6,split,-3.857742133233296,-4.073483493959373,34.146341463414636,-1.8574979624480241,0.4964644738604608,41,-19.68636620954038
38,52,0.06,0.02,0.18,2.8,-4.2,1.6,split,-3.857742133233296,-4.073483493959373,34.146341463414636,-1.8574979624480241,0.4964644738604608,41,-19.68636620954038
38,52,0.06,0.02,0.24,2.2,-4.2,1.6,split,-3.857742133233296,-4.073483493959373,34.146341463414636,-1.8574979624480241,0.4964644738604608,41,-19.68636620954038
38,52,0.06,0.03,0.24,2.8,-3.2,1.6,split,-3.857742133233296,-4.073483493959373,34.146341463414636,-1.8574979624480241,0.4964644738604608,41,-19.68636620954038
34,56,0.06,0.03,0.24,2.2,-4.2,1.2,split,-3.89671069438411,-4.1668636736284075,31.428571428571427,-1.5880048610775428,0.4771728639138948,35,-19.689643546488465
34,56,0.06,0.03,0.18,2.2,-3.2,1.2,split,-3.89671069438411,-4.1668636736284075,31.428571428571427,-1.5880048610775428,0.4771728639138948,35,-19.689643546488465
34,56,0.06,0.03,0.24,2.2,-3.2,1.2,split,-3.89671069438411,-4.1668636736284075,31.428571428571427,-1.5880048610775428,0.4771728639138948,35,-19.689643546488465
34,56,0.06,0.03,0.18,2.2,-4.2,1.2,split,-3.89671069438411,-4.1668636736284075,31.428571428571427,-1.5880048610775428,0.4771728639138948,35,-19.689643546488465
34,56,0.06,0.02,0.18,2.2,-4.2,1.2,split,-3.89671069438411,-4.1668636736284075,31.428571428571427,-1.5880048610775428,0.4771728639138948,35,-19.689643546488465
34,56,0.06,0.02,0.24,2.2,-3.2,1.2,split,-3.89671069438411,-4.1668636736284075,31.428571428571427,-1.5880048610775428,0.4771728639138948,35,-19.689643546488465
34,56,0.06,0.02,0.24,2.2,-4.2,1.2,split,-3.89671069438411,-4.1668636736284075,31.428571428571427,-1.5880048610775428,0.4771728639138948,35,-19.689643546488465
34,56,0.06,0.02,0.18,2.2,-3.2,1.2,split,-3.89671069438411,-4.1668636736284075,31.428571428571427,-1.5880048610775428,0.4771728639138948,35,-19.689643546488465
34,52,0.06,0.02,0.24,2.2,-3.2,1.2,split,-3.9422130646307596,-4.157764874226189,31.428571428571427,-1.605919851903547,0.47090550447895846,35,-19.832947399707276
34,52,0.06,0.03,0.24,2.2,-4.2,1.2,split,-3.9422130646307596,-4.157764874226189,31.428571428571427,-1.605919851903547,0.47090550447895846,35,-19.832947399707276
34,52,0.06,0.03,0.24,2.8,-3.2,1.2,split,-3.9422130646307596,-4.157764874226189,31.428571428571427,-1.605919851903547,0.47090550447895846,35,-19.832947399707276
34,52,0.06,0.03,0.24,2.8,-4.2,1.2,split,-3.9422130646307596,-4.157764874226189,31.428571428571427,-1.605919851903547,0.47090550447895846,35,-19.832947399707276
34,52,0.06,0.02,0.18,2.8,-3.2,1.2,split,-3.9422130646307596,-4.157764874226189,31.428571428571427,-1.605919851903547,0.47090550447895846,35,-19.832947399707276
34,52,0.06,0.02,0.18,2.8,-4.2,1.2,split,-3.9422130646307596,-4.157764874226189,31.428571428571427,-1.605919851903547,0.47090550447895846,35,-19.832947399707276
34,52,0.06,0.02,0.18,2.2,-4.2,1.2,split,-3.9422130646307596,-4.157764874226189,31.428571428571427,-1.605919851903547,0.47090550447895846,35,-19.832947399707276
34,52,0.06,0.03,0.18,2.8,-4.2,1.2,split,-3.9422130646307596,-4.157764874226189,31.428571428571427,-1.605919851903547,0.47090550447895846,35,-19.832947399707276
34,52,0.06,0.03,0.18,2.2,-4.2,1.2,split,-3.9422130646307596,-4.157764874226189,31.428571428571427,-1.605919851903547,0.47090550447895846,35,-19.832947399707276
34,52,0.06,0.03,0.18,2.8,-3.2,1.2,split,-3.9422130646307596,-4.157764874226189,31.428571428571427,-1.605919851903547,0.47090550447895846,35,-19.832947399707276
34,52,0.06,0.03,0.24,2.2,-3.2,1.2,split,-3.9422130646307596,-4.157764874226189,31.428571428571427,-1.605919851903547,0.47090550447895846,35,-19.832947399707276
34,52,0.06,0.02,0.24,2.2,-4.2,1.2,split,-3.9422130646307596,-4.157764874226189,31.428571428571427,-1.605919851903547,0.47090550447895846,35,-19.832947399707276
34,52,0.06,0.02,0.24,2.8,-4.2,1.2,split,-3.9422130646307596,-4.157764874226189,31.428571428571427,-1.605919851903547,0.47090550447895846,35,-19.832947399707276
34,52,0.06,0.03,0.18,2.2,-3.2,1.2,split,-3.9422130646307596,-4.157764874226189,31.428571428571427,-1.605919851903547,0.47090550447895846,35,-19.832947399707276
34,52,0.06,0.02,0.24,2.8,-3.2,1.2,split,-3.9422130646307596,-4.157764874226189,31.428571428571427,-1.605919851903547,0.47090550447895846,35,-19.832947399707276
34,52,0.06,0.02,0.18,2.2,-3.2,1.2,split,-3.9422130646307596,-4.157764874226189,31.428571428571427,-1.605919851903547,0.47090550447895846,35,-19.832947399707276
34,60,0.04,0.03,0.18,2.2,-3.2,1.6,split,-3.7646822868321217,-3.945774131678792,32.758620689655174,-2.004263450498914,0.49076547987464203,58,-19.843665795091013
34,60,0.04,0.03,0.18,2.2,-4.2,1.6,split,-3.7646822868321217,-3.945774131678792,32.758620689655174,-2.004263450498914,0.49076547987464203,58,-19.843665795091013
34,60,0.04,0.02,0.18,2.2,-3.2,1.6,split,-3.7646822868321217,-3.945774131678792,32.758620689655174,-2.004263450498914,0.49076547987464203,58,-19.843665795091013
34,60,0.04,0.02,0.18,2.2,-4.2,1.6,split,-3.7646822868321217,-3.945774131678792,32.758620689655174,-2.004263450498914,0.49076547987464203,58,-19.843665795091013
34,60,0.04,0.02,0.24,2.2,-3.2,1.6,split,-3.6490984353644675,-3.8304077813676174,28.35820895522388,-1.9670850591903792,0.4862339836525684,67,-19.845778523430145
34,60,0.04,0.02,0.24,2.2,-4.2,1.6,split,-3.6490984353644675,-3.8304077813676174,28.35820895522388,-1.9670850591903792,0.4862339836525684,67,-19.845778523430145
34,60,0.04,0.03,0.24,2.8,-4.2,1.6,split,-3.6755980421258756,-3.9756743325519817,28.35820895522388,-1.9315661661735692,0.5021752354715818,67,-19.861279994407766
34,60,0.04,0.03,0.24,2.8,-3.2,1.6,split,-3.6755980421258756,-3.9756743325519817,28.35820895522388,-1.9315661661735692,0.5021752354715818,67,-19.861279994407766
34,60,0.06,0.02,0.24,2.2,-3.2,1.6,split,-3.8140475014452573,-4.084432852630282,34.61538461538461,-1.6395046737608125,0.40747984635264345,26,-19.872330482793934
34,60,0.06,0.02,0.18,2.2,-4.2,1.6,split,-3.8140475014452573,-4.084432852630282,34.61538461538461,-1.6395046737608125,0.40747984635264345,26,-19.872330482793934
34,60,0.06,0.03,0.18,2.2,-3.2,1.6,split,-3.8140475014452573,-4.084432852630282,34.61538461538461,-1.6395046737608125,0.40747984635264345,26,-19.872330482793934
34,60,0.06,0.03,0.18,2.2,-4.2,1.6,split,-3.8140475014452573,-4.084432852630282,34.61538461538461,-1.6395046737608125,0.40747984635264345,26,-19.872330482793934
34,60,0.06,0.02,0.24,2.2,-4.2,1.6,split,-3.8140475014452573,-4.084432852630282,34.61538461538461,-1.6395046737608125,0.40747984635264345,26,-19.872330482793934
34,60,0.06,0.03,0.24,2.2,-3.2,1.6,split,-3.8140475014452573,-4.084432852630282,34.61538461538461,-1.6395046737608125,0.40747984635264345,26,-19.872330482793934
34,60,0.06,0.03,0.24,2.2,-4.2,1.6,split,-3.8140475014452573,-4.084432852630282,34.61538461538461,-1.6395046737608125,0.40747984635264345,26,-19.872330482793934
34,60,0.06,0.02,0.18,2.2,-3.2,1.6,split,-3.8140475014452573,-4.084432852630282,34.61538461538461,-1.6395046737608125,0.40747984635264345,26,-19.872330482793934
34,56,0.04,0.03,0.18,2.8,-3.2,1.6,split,-3.756694855214446,-4.056518507364659,33.33333333333333,-1.9816736366030938,0.4881677134826627,57,-19.89420339033748
34,56,0.04,0.03,0.18,2.8,-4.2,1.6,split,-3.756694855214446,-4.056518507364659,33.33333333333333,-1.9816736366030938,0.4881677134826627,57,-19.89420339033748
34,56,0.04,0.02,0.18,2.8,-4.2,1.6,split,-3.756694855214446,-4.056518507364659,33.33333333333333,-1.9816736366030938,0.4881677134826627,57,-19.89420339033748
34,56,0.04,0.02,0.18,2.8,-3.2,1.6,split,-3.756694855214446,-4.056518507364659,33.33333333333333,-1.9816736366030938,0.4881677134826627,57,-19.89420339033748
38,60,0.06,0.02,0.18,2.2,-4.2,1.2,split,-3.831162207874786,-4.1014994484387834,31.70731707317073,-1.881550872482886,0.4841968020533154,41,-20.021484612624306
38,60,0.06,0.03,0.18,2.2,-4.2,1.2,split,-3.831162207874786,-4.1014994484387834,31.70731707317073,-1.881550872482886,0.4841968020533154,41,-20.021484612624306
38,60,0.06,0.02,0.24,2.2,-3.2,1.2,split,-3.831162207874786,-4.1014994484387834,31.70731707317073,-1.881550872482886,0.4841968020533154,41,-20.021484612624306
38,60,0.06,0.02,0.18,2.2,-3.2,1.2,split,-3.831162207874786,-4.1014994484387834,31.70731707317073,-1.881550872482886,0.4841968020533154,41,-20.021484612624306
38,60,0.06,0.03,0.24,2.2,-4.2,1.2,split,-3.831162207874786,-4.1014994484387834,31.70731707317073,-1.881550872482886,0.4841968020533154,41,-20.021484612624306
38,60,0.06,0.03,0.24,2.2,-3.2,1.2,split,-3.831162207874786,-4.1014994484387834,31.70731707317073,-1.881550872482886,0.4841968020533154,41,-20.021484612624306
38,60,0.06,0.03,0.18,2.2,-3.2,1.2,split,-3.831162207874786,-4.1014994484387834,31.70731707317073,-1.881550872482886,0.4841968020533154,41,-20.021484612624306
38,60,0.06,0.02,0.24,2.2,-4.2,1.2,split,-3.831162207874786,-4.1014994484387834,31.70731707317073,-1.881550872482886,0.4841968020533154,41,-20.021484612624306
38,56,0.06,0.02,0.18,2.8,-3.2,1.2,split,-3.9089905340265068,-4.355771976676282,30.952380952380953,-1.792923642121837,0.5094821712670361,42,-20.124211610968207
38,56,0.06,0.02,0.18,2.8,-4.2,1.2,split,-3.9089905340265068,-4.355771976676282,30.952380952380953,-1.792923642121837,0.5094821712670361,42,-20.124211610968207
38,56,0.06,0.02,0.24,2.8,-3.2,1.2,split,-3.9089905340265068,-4.355771976676282,30.952380952380953,-1.792923642121837,0.5094821712670361,42,-20.124211610968207
38,56,0.06,0.02,0.24,2.8,-4.2,1.2,split,-3.9089905340265068,-4.355771976676282,30.952380952380953,-1.792923642121837,0.5094821712670361,42,-20.124211610968207
38,56,0.06,0.03,0.24,2.8,-3.2,1.2,split,-3.9089905340265068,-4.355771976676282,30.952380952380953,-1.792923642121837,0.5094821712670361,42,-20.124211610968207
38,56,0.06,0.03,0.24,2.8,-4.2,1.2,split,-3.9089905340265068,-4.355771976676282,30.952380952380953,-1.792923642121837,0.5094821712670361,42,-20.124211610968207
38,56,0.06,0.03,0.18,2.8,-3.2,1.2,split,-3.9089905340265068,-4.355771976676282,30.952380952380953,-1.792923642121837,0.5094821712670361,42,-20.124211610968207
38,56,0.06,0.03,0.18,2.8,-4.2,1.2,split,-3.9089905340265068,-4.355771976676282,30.952380952380953,-1.792923642121837,0.5094821712670361,42,-20.124211610968207
38,56,0.06,0.02,0.24,2.2,-4.2,1.6,split,-4.042317625875184,-4.312061293985336,30.952380952380953,-1.7971159125751157,0.5187510958930007,42,-20.205982573410928
38,56,0.06,0.02,0.24,2.2,-3.2,1.6,split,-4.042317625875184,-4.312061293985336,30.952380952380953,-1.7971159125751157,0.5187510958930007,42,-20.205982573410928
38,56,0.06,0.02,0.18,2.2,-4.2,1.6,split,-4.042317625875184,-4.312061293985336,30.952380952380953,-1.7971159125751157,0.5187510958930007,42,-20.205982573410928
38,56,0.06,0.02,0.18,2.2,-3.2,1.6,split,-4.042317625875184,-4.312061293985336,30.952380952380953,-1.7971159125751157,0.5187510958930007,42,-20.205982573410928
38,56,0.06,0.03,0.18,2.2,-4.2,1.6,split,-4.042317625875184,-4.312061293985336,30.952380952380953,-1.7971159125751157,0.5187510958930007,42,-20.205982573410928
38,56,0.06,0.03,0.24,2.2,-4.2,1.6,split,-4.042317625875184,-4.312061293985336,30.952380952380953,-1.7971159125751157,0.5187510958930007,42,-20.205982573410928
38,56,0.06,0.03,0.18,2.2,-3.2,1.6,split,-4.042317625875184,-4.312061293985336,30.952380952380953,-1.7971159125751157,0.5187510958930007,42,-20.205982573410928
38,56,0.06,0.03,0.24,2.2,-3.2,1.6,split,-4.042317625875184,-4.312061293985336,30.952380952380953,-1.7971159125751157,0.5187510958930007,42,-20.205982573410928
34,56,0.04,0.02,0.24,2.8,-3.2,1.6,split,-3.726343876462015,-4.026262080033572,28.35820895522388,-1.9899756522102974,0.478232244067828,67,-20.30646694619337
34,56,0.04,0.02,0.24,2.8,-4.2,1.6,split,-3.726343876462015,-4.026262080033572,28.35820895522388,-1.9899756522102974,0.478232244067828,67,-20.30646694619337
34,60,0.04,0.03,0.24,2.2,-4.2,1.6,split,-3.794571746130641,-3.9756073461655883,28.35820895522388,-2.0293400766525655,0.4862339836525684,67,-20.36273800226134
34,60,0.04,0.03,0.24,2.2,-3.2,1.6,split,-3.794571746130641,-3.9756073461655883,28.35820895522388,-2.0293400766525655,0.4862339836525684,67,-20.36273800226134
34,56,0.04,0.02,0.18,2.2,-4.2,1.6,split,-3.875568495036532,-4.056451678567496,33.33333333333333,-2.0807409732325852,0.47148836760943125,57,-20.404003095758846
34,56,0.04,0.03,0.18,2.2,-3.2,1.6,split,-3.875568495036532,-4.056451678567496,33.33333333333333,-2.0807409732325852,0.47148836760943125,57,-20.404003095758846
34,56,0.04,0.02,0.18,2.2,-3.2,1.6,split,-3.875568495036532,-4.056451678567496,33.33333333333333,-2.0807409732325852,0.47148836760943125,57,-20.404003095758846
34,56,0.04,0.03,0.18,2.2,-4.2,1.6,split,-3.875568495036532,-4.056451678567496,33.33333333333333,-2.0807409732325852,0.47148836760943125,57,-20.404003095758846
34,56,0.04,0.03,0.24,2.8,-3.2,1.6,split,-3.786587012607397,-4.086317542687601,28.78787878787879,-2.0063487485662583,0.4837011870829917,66,-20.4235192675745
34,56,0.04,0.03,0.24,2.8,-4.2,1.6,split,-3.786587012607397,-4.086317542687601,28.78787878787879,-2.0063487485662583,0.4837011870829917,66,-20.4235192675745
34,52,0.04,0.02,0.24,2.2,-3.2,1.6,split,-3.8804589717333147,-4.024947767294151,32.83582089552239,-2.1873040965540964,0.45943067691058836,67,-20.722922884534647
34,52,0.04,0.02,0.24,2.2,-4.2,1.6,split,-3.8804589717333147,-4.024947767294151,32.83582089552239,-2.1873040965540964,0.45943067691058836,67,-20.722922884534647
34,52,0.04,0.02,0.24,2.8,-4.2,1.6,split,-3.8804589717333147,-4.024947767294151,32.83582089552239,-2.1873040965540964,0.45943067691058836,67,-20.722922884534647
34,52,0.04,0.02,0.24,2.8,-3.2,1.6,split,-3.8804589717333147,-4.024947767294151,32.83582089552239,-2.1873040965540964,0.45943067691058836,67,-20.722922884534647
38,60,0.06,0.02,0.18,2.8,-3.2,1.6,split,-3.717523993719915,-4.165195672590261,29.629629629629626,-1.8912292030073148,0.404356932588352,27,-20.75175337262563
38,60,0.06,0.03,0.18,2.8,-3.2,1.6,split,-3.717523993719915,-4.165195672590261,29.629629629629626,-1.8912292030073148,0.404356932588352,27,-20.75175337262563
38,60,0.06,0.03,0.24,2.8,-3.2,1.6,split,-3.717523993719915,-4.165195672590261,29.629629629629626,-1.8912292030073148,0.404356932588352,27,-20.75175337262563
38,60,0.06,0.03,0.24,2.8,-4.2,1.6,split,-3.717523993719915,-4.165195672590261,29.629629629629626,-1.8912292030073148,0.404356932588352,27,-20.75175337262563
38,60,0.06,0.03,0.18,2.8,-4.2,1.6,split,-3.717523993719915,-4.165195672590261,29.629629629629626,-1.8912292030073148,0.404356932588352,27,-20.75175337262563
38,60,0.06,0.02,0.18,2.8,-4.2,1.6,split,-3.717523993719915,-4.165195672590261,29.629629629629626,-1.8912292030073148,0.404356932588352,27,-20.75175337262563
38,60,0.06,0.02,0.24,2.8,-4.2,1.6,split,-3.717523993719915,-4.165195672590261,29.629629629629626,-1.8912292030073148,0.404356932588352,27,-20.75175337262563
38,60,0.06,0.02,0.24,2.8,-3.2,1.6,split,-3.717523993719915,-4.165195672590261,29.629629629629626,-1.8912292030073148,0.404356932588352,27,-20.75175337262563
34,56,0.04,0.02,0.24,2.2,-3.2,1.6,split,-3.8452553557634745,-4.026195581370507,28.35820895522388,-2.0908840461871914,0.46235891253672895,67,-20.813557806952463
34,56,0.04,0.02,0.24,2.2,-4.2,1.6,split,-3.8452553557634745,-4.026195581370507,28.35820895522388,-2.0908840461871914,0.46235891253672895,67,-20.813557806952463
38,56,0.06,0.02,0.18,2.2,-3.2,1.2,split,-4.086531371418805,-4.356150751638621,30.952380952380953,-1.9310375248191107,0.48641255424171465,42,-20.85176209860858
38,56,0.06,0.03,0.18,2.2,-4.2,1.2,split,-4.086531371418805,-4.356150751638621,30.952380952380953,-1.9310375248191107,0.48641255424171465,42,-20.85176209860858
38,56,0.06,0.03,0.24,2.2,-4.2,1.2,split,-4.086531371418805,-4.356150751638621,30.952380952380953,-1.9310375248191107,0.48641255424171465,42,-20.85176209860858
38,56,0.06,0.02,0.18,2.2,-4.2,1.2,split,-4.086531371418805,-4.356150751638621,30.952380952380953,-1.9310375248191107,0.48641255424171465,42,-20.85176209860858
38,56,0.06,0.02,0.24,2.2,-3.2,1.2,split,-4.086531371418805,-4.356150751638621,30.952380952380953,-1.9310375248191107,0.48641255424171465,42,-20.85176209860858
38,56,0.06,0.03,0.18,2.2,-3.2,1.2,split,-4.086531371418805,-4.356150751638621,30.952380952380953,-1.9310375248191107,0.48641255424171465,42,-20.85176209860858
38,56,0.06,0.02,0.24,2.2,-4.2,1.2,split,-4.086531371418805,-4.356150751638621,30.952380952380953,-1.9310375248191107,0.48641255424171465,42,-20.85176209860858
38,56,0.06,0.03,0.24,2.2,-3.2,1.2,split,-4.086531371418805,-4.356150751638621,30.952380952380953,-1.9310375248191107,0.48641255424171465,42,-20.85176209860858
34,56,0.04,0.03,0.24,2.2,-3.2,1.6,split,-3.905423482764964,-4.08625048635145,28.78787878787879,-2.10641722130572,0.4676463321463063,66,-20.930269290179872
34,56,0.04,0.03,0.24,2.2,-4.2,1.6,split,-3.905423482764964,-4.08625048635145,28.78787878787879,-2.10641722130572,0.4676463321463063,66,-20.930269290179872
34,52,0.04,0.03,0.18,2.2,-3.2,1.6,split,-3.860241570395774,-4.004760757154258,34.04255319148936,-2.1977228341655533,0.40063707513324365,47,-21.06302007612478
34,52,0.04,0.02,0.18,2.2,-4.2,1.6,split,-3.860241570395774,-4.004760757154258,34.04255319148936,-2.1977228341655533,0.40063707513324365,47,-21.06302007612478
34,52,0.04,0.02,0.18,2.2,-3.2,1.6,split,-3.860241570395774,-4.004760757154258,34.04255319148936,-2.1977228341655533,0.40063707513324365,47,-21.06302007612478
34,52,0.04,0.02,0.18,2.8,-4.2,1.6,split,-3.860241570395774,-4.004760757154258,34.04255319148936,-2.1977228341655533,0.40063707513324365,47,-21.06302007612478
34,52,0.04,0.03,0.18,2.8,-3.2,1.6,split,-3.860241570395774,-4.004760757154258,34.04255319148936,-2.1977228341655533,0.40063707513324365,47,-21.06302007612478
34,52,0.04,0.03,0.18,2.8,-4.2,1.6,split,-3.860241570395774,-4.004760757154258,34.04255319148936,-2.1977228341655533,0.40063707513324365,47,-21.06302007612478
34,52,0.04,0.03,0.18,2.2,-4.2,1.6,split,-3.860241570395774,-4.004760757154258,34.04255319148936,-2.1977228341655533,0.40063707513324365,47,-21.06302007612478
34,52,0.04,0.02,0.18,2.8,-3.2,1.6,split,-3.860241570395774,-4.004760757154258,34.04255319148936,-2.1977228341655533,0.40063707513324365,47,-21.06302007612478
38,52,0.06,0.03,0.24,2.2,-4.2,1.2,split,-4.1511121773815285,-4.366195221422253,30.952380952380953,-1.9579915807019452,0.4789120023528525,42,-21.07459919816959
38,52,0.06,0.03,0.24,2.2,-3.2,1.2,split,-4.1511121773815285,-4.366195221422253,30.952380952380953,-1.9579915807019452,0.4789120023528525,42,-21.07459919816959
38,52,0.06,0.03,0.18,2.8,-4.2,1.2,split,-4.1511121773815285,-4.366195221422253,30.952380952380953,-1.9579915807019452,0.4789120023528525,42,-21.07459919816959
38,52,0.06,0.02,0.24,2.8,-3.2,1.2,split,-4.1511121773815285,-4.366195221422253,30.952380952380953,-1.9579915807019452,0.4789120023528525,42,-21.07459919816959
38,52,0.06,0.02,0.18,2.8,-4.2,1.2,split,-4.1511121773815285,-4.366195221422253,30.952380952380953,-1.9579915807019452,0.4789120023528525,42,-21.07459919816959
38,52,0.06,0.02,0.24,2.2,-3.2,1.2,split,-4.1511121773815285,-4.366195221422253,30.952380952380953,-1.9579915807019452,0.4789120023528525,42,-21.07459919816959
38,52,0.06,0.02,0.18,2.8,-3.2,1.2,split,-4.1511121773815285,-4.366195221422253,30.952380952380953,-1.9579915807019452,0.4789120023528525,42,-21.07459919816959
38,52,0.06,0.03,0.18,2.8,-3.2,1.2,split,-4.1511121773815285,-4.366195221422253,30.952380952380953,-1.9579915807019452,0.4789120023528525,42,-21.07459919816959
38,52,0.06,0.03,0.18,2.2,-4.2,1.2,split,-4.1511121773815285,-4.366195221422253,30.952380952380953,-1.9579915807019452,0.4789120023528525,42,-21.07459919816959
38,52,0.06,0.03,0.24,2.8,-3.2,1.2,split,-4.1511121773815285,-4.366195221422253,30.952380952380953,-1.9579915807019452,0.4789120023528525,42,-21.07459919816959
38,52,0.06,0.03,0.24,2.8,-4.2,1.2,split,-4.1511121773815285,-4.366195221422253,30.952380952380953,-1.9579915807019452,0.4789120023528525,42,-21.07459919816959
38,52,0.06,0.02,0.18,2.2,-4.2,1.2,split,-4.1511121773815285,-4.366195221422253,30.952380952380953,-1.9579915807019452,0.4789120023528525,42,-21.07459919816959
38,52,0.06,0.02,0.18,2.2,-3.2,1.2,split,-4.1511121773815285,-4.366195221422253,30.952380952380953,-1.9579915807019452,0.4789120023528525,42,-21.07459919816959
38,52,0.06,0.03,0.18,2.2,-3.2,1.2,split,-4.1511121773815285,-4.366195221422253,30.952380952380953,-1.9579915807019452,0.4789120023528525,42,-21.07459919816959
38,52,0.06,0.02,0.24,2.8,-4.2,1.2,split,-4.1511121773815285,-4.366195221422253,30.952380952380953,-1.9579915807019452,0.4789120023528525,42,-21.07459919816959
38,52,0.06,0.02,0.24,2.2,-4.2,1.2,split,-4.1511121773815285,-4.366195221422253,30.952380952380953,-1.9579915807019452,0.4789120023528525,42,-21.07459919816959
38,60,0.04,0.02,0.18,2.8,-3.2,1.6,split,-3.778604967364372,-4.078360363651656,27.27272727272727,-2.2753670122297627,0.46357028956101354,55,-21.222293413581777
38,60,0.04,0.03,0.18,2.8,-4.2,1.6,split,-3.778604967364372,-4.078360363651656,27.27272727272727,-2.2753670122297627,0.46357028956101354,55,-21.222293413581777
38,60,0.04,0.03,0.18,2.8,-3.2,1.6,split,-3.778604967364372,-4.078360363651656,27.27272727272727,-2.2753670122297627,0.46357028956101354,55,-21.222293413581777
38,60,0.04,0.02,0.18,2.8,-4.2,1.6,split,-3.778604967364372,-4.078360363651656,27.27272727272727,-2.2753670122297627,0.46357028956101354,55,-21.222293413581777
38,60,0.04,0.03,0.24,2.8,-3.2,1.2,split,-3.725992506447328,-4.0259118046305105,27.692307692307693,-2.4137522411958274,0.46403130792289077,65,-21.319952328851514
38,60,0.04,0.03,0.24,2.8,-4.2,1.2,split,-3.725992506447328,-4.0259118046305105,27.692307692307693,-2.4137522411958274,0.46403130792289077,65,-21.319952328851514
38,60,0.04,0.02,0.18,2.8,-3.2,1.2,split,-3.7081189533888392,-4.0292299020360804,27.586206896551722,-2.3628929239049454,0.44456084933195555,58,-21.35965681395666
38,60,0.04,0.02,0.18,2.8,-4.2,1.2,split,-3.7081189533888392,-4.0292299020360804,27.586206896551722,-2.3628929239049454,0.44456084933195555,58,-21.35965681395666
38,60,0.04,0.03,0.18,2.8,-4.2,1.2,split,-3.7081189533888392,-4.0292299020360804,27.586206896551722,-2.3628929239049454,0.44456084933195555,58,-21.35965681395666
38,60,0.04,0.03,0.18,2.8,-3.2,1.2,split,-3.7081189533888392,-4.0292299020360804,27.586206896551722,-2.3628929239049454,0.44456084933195555,58,-21.35965681395666
38,56,0.04,0.03,0.18,2.8,-4.2,1.6,split,-4.087995159602342,-4.386786722641833,31.25,-2.2040959450108013,0.49205160587359276,64,-21.367915849606575
38,56,0.04,0.02,0.18,2.8,-3.2,1.6,split,-4.087995159602342,-4.386786722641833,31.25,-2.2040959450108013,0.49205160587359276,64,-21.367915849606575
38,56,0.04,0.03,0.18,2.8,-3.2,1.6,split,-4.087995159602342,-4.386786722641833,31.25,-2.2040959450108013,0.49205160587359276,64,-21.367915849606575
38,56,0.04,0.02,0.18,2.8,-4.2,1.6,split,-4.087995159602342,-4.386786722641833,31.25,-2.2040959450108013,0.49205160587359276,64,-21.367915849606575
38,60,0.04,0.02,0.24,2.8,-3.2,1.2,split,-3.7297274513359477,-4.029635114166263,27.692307692307693,-2.456035566936497,0.46043589378493466,65,-21.443352682212335
38,60,0.04,0.02,0.24,2.8,-4.2,1.2,split,-3.7297274513359477,-4.029635114166263,27.692307692307693,-2.456035566936497,0.46043589378493466,65,-21.443352682212335
38,60,0.04,0.03,0.24,2.8,-4.2,1.6,split,-3.7784915203839775,-4.0782472700889745,23.4375,-2.310501268997258,0.4750269662343768,64,-21.507420812802238
38,60,0.04,0.03,0.24,2.8,-3.2,1.6,split,-3.7784915203839775,-4.0782472700889745,23.4375,-2.310501268997258,0.4750269662343768,64,-21.507420812802238
38,60,0.06,0.03,0.18,2.2,-4.2,1.6,split,-3.8954187391275625,-4.165575350147255,29.629629629629626,-2.05553887786723,0.3749013588731393,27,-21.583315043247026
38,60,0.06,0.02,0.24,2.2,-4.2,1.6,split,-3.8954187391275625,-4.165575350147255,29.629629629629626,-2.05553887786723,0.3749013588731393,27,-21.583315043247026
38,60,0.06,0.03,0.18,2.2,-3.2,1.6,split,-3.8954187391275625,-4.165575350147255,29.629629629629626,-2.05553887786723,0.3749013588731393,27,-21.583315043247026
38,60,0.06,0.03,0.24,2.2,-4.2,1.6,split,-3.8954187391275625,-4.165575350147255,29.629629629629626,-2.05553887786723,0.3749013588731393,27,-21.583315043247026
38,60,0.06,0.03,0.24,2.2,-3.2,1.6,split,-3.8954187391275625,-4.165575350147255,29.629629629629626,-2.05553887786723,0.3749013588731393,27,-21.583315043247026
38,60,0.06,0.02,0.24,2.2,-3.2,1.6,split,-3.8954187391275625,-4.165575350147255,29.629629629629626,-2.05553887786723,0.3749013588731393,27,-21.583315043247026
38,60,0.06,0.02,0.18,2.2,-4.2,1.6,split,-3.8954187391275625,-4.165575350147255,29.629629629629626,-2.05553887786723,0.3749013588731393,27,-21.583315043247026
38,60,0.06,0.02,0.18,2.2,-3.2,1.6,split,-3.8954187391275625,-4.165575350147255,29.629629629629626,-2.05553887786723,0.3749013588731393,27,-21.583315043247026
38,60,0.04,0.02,0.24,2.8,-4.2,1.6,split,-3.782898970827628,-4.08264099014497,23.88059701492537,-2.3524834960622054,0.46858406375999456,67,-21.61936436526583
38,60,0.04,0.02,0.24,2.8,-3.2,1.6,split,-3.782898970827628,-4.08264099014497,23.88059701492537,-2.3524834960622054,0.46858406375999456,67,-21.61936436526583
38,60,0.04,0.02,0.18,2.2,-4.2,1.6,split,-3.8788306853122774,-4.059707730181572,27.27272727272727,-2.381146324297566,0.4489275815373685,55,-21.678949118664306
38,60,0.04,0.03,0.18,2.2,-3.2,1.6,split,-3.8788306853122774,-4.059707730181572,27.27272727272727,-2.381146324297566,0.4489275815373685,55,-21.678949118664306
38,60,0.04,0.03,0.18,2.2,-4.2,1.6,split,-3.8788306853122774,-4.059707730181572,27.27272727272727,-2.381146324297566,0.4489275815373685,55,-21.678949118664306
38,60,0.04,0.02,0.18,2.2,-3.2,1.6,split,-3.8788306853122774,-4.059707730181572,27.27272727272727,-2.381146324297566,0.4489275815373685,55,-21.678949118664306
38,56,0.04,0.03,0.18,2.2,-4.2,1.6,split,-4.206460051194208,-4.386720575978121,31.25,-2.3098259268492387,0.47686794783453024,64,-21.87846303898729
38,56,0.04,0.03,0.18,2.2,-3.2,1.6,split,-4.206460051194208,-4.386720575978121,31.25,-2.3098259268492387,0.47686794783453024,64,-21.87846303898729
38,56,0.04,0.02,0.18,2.2,-4.2,1.6,split,-4.206460051194208,-4.386720575978121,31.25,-2.3098259268492387,0.47686794783453024,64,-21.87846303898729
38,56,0.04,0.02,0.18,2.2,-3.2,1.6,split,-4.206460051194208,-4.386720575978121,31.25,-2.3098259268492387,0.47686794783453024,64,-21.87846303898729
38,60,0.04,0.03,0.24,2.2,-3.2,1.2,split,-3.8449048679319824,-4.0258457530732645,27.692307692307693,-2.556859784188819,0.44667832685737485,65,-21.923280543719912
38,60,0.04,0.03,0.24,2.2,-4.2,1.2,split,-3.8449048679319824,-4.0258457530732645,27.692307692307693,-2.556859784188819,0.44667832685737485,65,-21.923280543719912
38,56,0.04,0.02,0.24,2.8,-3.2,1.6,split,-4.130873069849167,-4.429531056723257,26.923076923076923,-2.2781824251262917,0.49861390424447405,78,-21.925354335292297
38,56,0.04,0.02,0.24,2.8,-4.2,1.6,split,-4.130873069849167,-4.429531056723257,26.923076923076923,-2.2781824251262917,0.49861390424447405,78,-21.925354335292297
34,52,0.04,0.03,0.24,2.2,-3.2,1.6,split,-3.95826469598147,-4.102636532438419,29.09090909090909,-2.2632481393941464,0.39083194819334305,55,-21.933128848867128
34,52,0.04,0.03,0.24,2.8,-3.2,1.6,split,-3.95826469598147,-4.102636532438419,29.09090909090909,-2.2632481393941464,0.39083194819334305,55,-21.933128848867128
34,52,0.04,0.03,0.24,2.2,-4.2,1.6,split,-3.95826469598147,-4.102636532438419,29.09090909090909,-2.2632481393941464,0.39083194819334305,55,-21.933128848867128
34,52,0.04,0.03,0.24,2.8,-4.2,1.6,split,-3.95826469598147,-4.102636532438419,29.09090909090909,-2.2632481393941464,0.39083194819334305,55,-21.933128848867128
38,60,0.04,0.02,0.18,2.2,-4.2,1.2,split,-3.827052938757879,-4.029163402273306,27.586206896551722,-2.501314495782626,0.42623950665514154,58,-21.961391877464763
38,60,0.04,0.03,0.18,2.2,-4.2,1.2,split,-3.827052938757879,-4.029163402273306,27.586206896551722,-2.501314495782626,0.42623950665514154,58,-21.961391877464763
38,60,0.04,0.03,0.18,2.2,-3.2,1.2,split,-3.827052938757879,-4.029163402273306,27.586206896551722,-2.501314495782626,0.42623950665514154,58,-21.961391877464763
38,60,0.04,0.02,0.18,2.2,-3.2,1.2,split,-3.827052938757879,-4.029163402273306,27.586206896551722,-2.501314495782626,0.42623950665514154,58,-21.961391877464763
38,60,0.04,0.03,0.24,2.2,-3.2,1.6,split,-3.8787174118691654,-4.059594669891986,23.4375,-2.419316052634228,0.46112573852499483,64,-21.964215918742628
38,60,0.04,0.03,0.24,2.2,-4.2,1.6,split,-3.8787174118691654,-4.059594669891986,23.4375,-2.419316052634228,0.46112573852499483,64,-21.964215918742628
38,60,0.04,0.02,0.24,2.2,-4.2,1.2,split,-3.8486346868494365,-4.029568553363827,27.692307692307693,-2.603778759788718,0.44321736734003025,65,-22.054868259783326
38,60,0.04,0.02,0.24,2.2,-3.2,1.2,split,-3.8486346868494365,-4.029568553363827,27.692307692307693,-2.603778759788718,0.44321736734003025,65,-22.054868259783326
38,60,0.04,0.02,0.24,2.2,-3.2,1.6,split,-3.8831199847481366,-4.063988958182064,23.88059701492537,-2.464812937198468,0.45493511695806493,67,-22.08116390447907
38,60,0.04,0.02,0.24,2.2,-4.2,1.6,split,-3.8831199847481366,-4.063988958182064,23.88059701492537,-2.464812937198468,0.45493511695806493,67,-22.08116390447907
38,52,0.04,0.03,0.24,2.8,-4.2,1.6,split,-3.886074568672229,-4.030554922756657,28.125,-2.60941904722075,0.43286173563522456,64,-22.171721969676035
38,52,0.04,0.03,0.24,2.8,-3.2,1.6,split,-3.886074568672229,-4.030554922756657,28.125,-2.60941904722075,0.43286173563522456,64,-22.171721969676035
38,52,0.04,0.03,0.24,2.2,-4.2,1.6,split,-3.886074568672229,-4.030554922756657,28.125,-2.60941904722075,0.43286173563522456,64,-22.171721969676035
38,52,0.04,0.03,0.24,2.2,-3.2,1.6,split,-3.886074568672229,-4.030554922756657,28.125,-2.60941904722075,0.43286173563522456,64,-22.171721969676035
38,56,0.04,0.03,0.24,2.8,-4.2,1.6,split,-4.24372352045606,-4.5420299479754895,26.923076923076923,-2.312077608966879,0.49861390424447405,78,-22.297419048386487
38,56,0.04,0.03,0.24,2.8,-3.2,1.6,split,-4.24372352045606,-4.5420299479754895,26.923076923076923,-2.312077608966879,0.49861390424447405,78,-22.297419048386487
38,52,0.04,0.02,0.18,2.2,-3.2,1.6,split,-4.290107062290736,-4.433980066737975,35.9375,-2.4969187504224193,0.4424762409157924,64,-22.334964247040173
38,52,0.04,0.03,0.18,2.2,-3.2,1.6,split,-4.290107062290736,-4.433980066737975,35.9375,-2.4969187504224193,0.4424762409157924,64,-22.334964247040173
38,52,0.04,0.03,0.18,2.2,-4.2,1.6,split,-4.290107062290736,-4.433980066737975,35.9375,-2.4969187504224193,0.4424762409157924,64,-22.334964247040173
38,52,0.04,0.03,0.18,2.8,-3.2,1.6,split,-4.290107062290736,-4.433980066737975,35.9375,-2.4969187504224193,0.4424762409157924,64,-22.334964247040173
38,52,0.04,0.03,0.18,2.8,-4.2,1.6,split,-4.290107062290736,-4.433980066737975,35.9375,-2.4969187504224193,0.4424762409157924,64,-22.334964247040173
38,52,0.04,0.02,0.18,2.8,-3.2,1.6,split,-4.290107062290736,-4.433980066737975,35.9375,-2.4969187504224193,0.4424762409157924,64,-22.334964247040173
38,52,0.04,0.02,0.18,2.2,-4.2,1.6,split,-4.290107062290736,-4.433980066737975,35.9375,-2.4969187504224193,0.4424762409157924,64,-22.334964247040173
38,52,0.04,0.02,0.18,2.8,-4.2,1.6,split,-4.290107062290736,-4.433980066737975,35.9375,-2.4969187504224193,0.4424762409157924,64,-22.334964247040173
38,56,0.04,0.02,0.24,2.2,-4.2,1.6,split,-4.249284552211666,-4.429464491529888,26.923076923076923,-2.388629219725748,0.4845745090882408,78,-22.43610043105278
38,56,0.04,0.02,0.24,2.2,-3.2,1.6,split,-4.249284552211666,-4.429464491529888,26.923076923076923,-2.388629219725748,0.4845745090882408,78,-22.43610043105278
38,52,0.04,0.03,0.24,2.2,-3.2,1.2,split,-4.289140535199495,-4.433014992549378,30.136986301369863,-2.5848299344644614,0.4655155129006133,73,-22.787905655472922
38,52,0.04,0.03,0.24,2.2,-4.2,1.2,split,-4.289140535199495,-4.433014992549378,30.136986301369863,-2.5848299344644614,0.4655155129006133,73,-22.787905655472922
38,52,0.04,0.03,0.24,2.8,-4.2,1.2,split,-4.289140535199495,-4.433014992549378,30.136986301369863,-2.5848299344644614,0.4655155129006133,73,-22.787905655472922
38,52,0.04,0.03,0.24,2.8,-3.2,1.2,split,-4.289140535199495,-4.433014992549378,30.136986301369863,-2.5848299344644614,0.4655155129006133,73,-22.787905655472922
38,56,0.04,0.03,0.24,2.2,-3.2,1.6,split,-4.361996244649199,-4.541964087527106,26.923076923076923,-2.421162256125388,0.4845745090882408,78,-22.805233557705023
38,56,0.04,0.03,0.24,2.2,-4.2,1.6,split,-4.361996244649199,-4.541964087527106,26.923076923076923,-2.421162256125388,0.4845745090882408,78,-22.805233557705023
38,52,0.04,0.03,0.18,2.2,-3.2,1.2,split,-4.300041900160868,-4.443899970363285,31.25,-2.5534095443103104,0.42570160761973014,64,-22.983949042340022
38,52,0.04,0.02,0.18,2.8,-4.2,1.2,split,-4.300041900160868,-4.443899970363285,31.25,-2.5534095443103104,0.42570160761973014,64,-22.983949042340022
38,52,0.04,0.02,0.18,2.2,-4.2,1.2,split,-4.300041900160868,-4.443899970363285,31.25,-2.5534095443103104,0.42570160761973014,64,-22.983949042340022
38,52,0.04,0.02,0.18,2.8,-3.2,1.2,split,-4.300041900160868,-4.443899970363285,31.25,-2.5534095443103104,0.42570160761973014,64,-22.983949042340022
38,52,0.04,0.02,0.18,2.2,-3.2,1.2,split,-4.300041900160868,-4.443899970363285,31.25,-2.5534095443103104,0.42570160761973014,64,-22.983949042340022
38,52,0.04,0.03,0.18,2.8,-3.2,1.2,split,-4.300041900160868,-4.443899970363285,31.25,-2.5534095443103104,0.42570160761973014,64,-22.983949042340022
38,52,0.04,0.03,0.18,2.8,-4.2,1.2,split,-4.300041900160868,-4.443899970363285,31.25,-2.5534095443103104,0.42570160761973014,64,-22.983949042340022
38,52,0.04,0.03,0.18,2.2,-4.2,1.2,split,-4.300041900160868,-4.443899970363285,31.25,-2.5534095443103104,0.42570160761973014,64,-22.983949042340022
38,56,0.04,0.03,0.24,2.8,-4.2,1.2,split,-4.320564881232585,-4.618631927348915,26.76056338028169,-2.5134284055098566,0.4494140941028246,71,-23.313904622442152
38,56,0.04,0.03,0.24,2.8,-3.2,1.2,split,-4.320564881232585,-4.618631927348915,26.76056338028169,-2.5134284055098566,0.4494140941028246,71,-23.313904622442152
38,56,0.04,0.03,0.18,2.8,-3.2,1.2,split,-4.364001094461182,-4.661932825148907,28.125,-2.499501131076209,0.4343626132843144,64,-23.414422387748367
38,56,0.04,0.02,0.18,2.8,-3.2,1.2,split,-4.364001094461182,-4.661932825148907,28.125,-2.499501131076209,0.4343626132843144,64,-23.414422387748367
38,56,0.04,0.02,0.18,2.8,-4.2,1.2,split,-4.364001094461182,-4.661932825148907,28.125,-2.499501131076209,0.4343626132843144,64,-23.414422387748367
38,56,0.04,0.03,0.18,2.8,-4.2,1.2,split,-4.364001094461182,-4.661932825148907,28.125,-2.499501131076209,0.4343626132843144,64,-23.414422387748367
38,52,0.04,0.02,0.24,2.2,-3.2,1.6,split,-4.471299030162136,-4.614899663258831,30.76923076923077,-2.7023078999226766,0.45708570011317673,78,-23.531219878555277
38,52,0.04,0.02,0.24,2.8,-4.2,1.6,split,-4.471299030162136,-4.614899663258831,30.76923076923077,-2.7023078999226766,0.45708570011317673,78,-23.531219878555277
38,52,0.04,0.02,0.24,2.2,-4.2,1.6,split,-4.471299030162136,-4.614899663258831,30.76923076923077,-2.7023078999226766,0.45708570011317673,78,-23.531219878555277
38,52,0.04,0.02,0.24,2.8,-3.2,1.6,split,-4.471299030162136,-4.614899663258831,30.76923076923077,-2.7023078999226766,0.45708570011317673,78,-23.531219878555277
38,56,0.04,0.02,0.24,2.8,-4.2,1.2,split,-4.383373596893689,-4.681244977051868,27.397260273972602,-2.5647728720066736,0.4457767297172582,73,-23.56410545216025
38,56,0.04,0.02,0.24,2.8,-3.2,1.2,split,-4.383373596893689,-4.681244977051868,27.397260273972602,-2.5647728720066736,0.4457767297172582,73,-23.56410545216025
38,56,0.04,0.03,0.24,2.2,-3.2,1.2,split,-4.438742472167415,-4.618565897005711,26.76056338028169,-2.637166111565249,0.4341508511497809,71,-23.86067312816769
38,56,0.04,0.03,0.24,2.2,-4.2,1.2,split,-4.438742472167415,-4.618565897005711,26.76056338028169,-2.637166111565249,0.4341508511497809,71,-23.86067312816769
38,56,0.04,0.02,0.18,2.2,-3.2,1.2,split,-4.482125080474925,-4.661866869623122,28.125,-2.620169052253554,0.4185587411481547,64,-23.959296039582004
38,56,0.04,0.02,0.18,2.2,-4.2,1.2,split,-4.482125080474925,-4.661866869623122,28.125,-2.620169052253554,0.4185587411481547,64,-23.959296039582004
38,56,0.04,0.03,0.18,2.2,-4.2,1.2,split,-4.482125080474925,-4.661866869623122,28.125,-2.620169052253554,0.4185587411481547,64,-23.959296039582004
38,56,0.04,0.03,0.18,2.2,-3.2,1.2,split,-4.482125080474925,-4.661866869623122,28.125,-2.620169052253554,0.4185587411481547,64,-23.959296039582004
38,56,0.04,0.02,0.24,2.2,-3.2,1.2,split,-4.501473422782182,-4.681178802979014,27.397260273972602,-2.6905469131762296,0.43089545420414055,73,-24.111774068549618
38,56,0.04,0.02,0.24,2.2,-4.2,1.2,split,-4.501473422782182,-4.681178802979014,27.397260273972602,-2.6905469131762296,0.43089545420414055,73,-24.111774068549618
38,52,0.04,0.02,0.24,2.8,-4.2,1.2,split,-4.486257314600279,-4.6298354621079,29.577464788732392,-2.7652807822755245,0.4108864660680462,71,-24.16246117933798
38,52,0.04,0.02,0.24,2.8,-3.2,1.2,split,-4.486257314600279,-4.6298354621079,29.577464788732392,-2.7652807822755245,0.4108864660680462,71,-24.16246117933798
38,52,0.04,0.02,0.24,2.2,-4.2,1.2,split,-4.486257314600279,-4.6298354621079,29.577464788732392,-2.7652807822755245,0.4108864660680462,71,-24.16246117933798
38,52,0.04,0.02,0.24,2.2,-3.2,1.2,split,-4.486257314600279,-4.6298354621079,29.577464788732392,-2.7652807822755245,0.4108864660680462,71,-24.16246117933798
